Name,OpName,FwOps,BwOps,AccOps,Prev,Next,InputShapes,OutputShape,LinearWeightTrainable,LoraRank,fw_latency,bw_latency,acc_latency,bwall_latency,e2e_latency
input_ids,misc,[],[],[],set(),"{'vie', 'siz'}",[],"(32, 256)",True,0,0.0,0.0,0.0,0.0,0.0
size,misc,[],[],[],"{""'input_ids""}","{'getite', 'getitem_'}","[(32, 256)]","(1,)",True,0,0.0,0.0,0.0,0.0,0.0
getitem,getitem,"[['MEM', ((1,), (1,))]]","[['MEM', ((1,),)], ['MEM', ((1,),)]]",[],"{""'size""}",{'vie'},"[(1,)]","(1,)",True,0,2.1721809320477634e-09,2.1721809320477634e-09,0.0,2.1721809320477634e-09,4.344361864095527e-09
view,misc,[],[],[],"{""'getitem"", ""'input_ids""}",{'model_decoder_embed_token'},"[(32, 256), (1,)]","(32, 256)",True,0,0.0,0.0,0.0,0.0,0.0
model_decoder_embed_tokens,EMBEDDING,"[['MEM', ((32, 256), (32, 256, 2048))]]","[['MEM', ((50272, 2048),)], ['MEM', ((50272, 2048),)]]","[['VECadd', [1, 102957056]]]","{""'view""}","{'add_', 'getattr_'}","[(32, 256)]","(32, 256, 2048)",False,0,0.01823047159712099,0.22364135386297376,0.14415917394217104,0.36780052780514483,0.3860309994022658
getitem_1,getitem,"[['MEM', ((1,), (1,))]]","[['MEM', ((1,),)], ['MEM', ((1,),)]]",[],"{""'size""}",{'one'},"[(1,)]","(1,)",True,0,2.1721809320477634e-09,2.1721809320477634e-09,0.0,2.1721809320477634e-09,4.344361864095527e-09
getitem_2,getitem,"[['MEM', ((1,), (1,))]]","[['MEM', ((1,),)], ['MEM', ((1,),)]]",[],"{""'size""}",{'ad'},"[(1,)]","(1,)",True,0,2.1721809320477634e-09,2.1721809320477634e-09,0.0,2.1721809320477634e-09,4.344361864095527e-09
add,misc,[],[],[],"{""'getitem_2""}",{'one'},"[(1,)]","(1,)",True,0,0.0,0.0,0.0,0.0,0.0
getattr_1,misc,[],[],[],"{""'model_decoder_embed_tokens""}",{'one'},"[(32, 256, 2048)]","(1,)",True,0,0.0,0.0,0.0,0.0,0.0
ones,misc,[],[],[],"{""'getattr_1"", ""'getitem_1"", ""'add""}","{'getitem_', 'lon', 'size_', 'getattr_'}","[(1,), (1,), (1,)]","(32, 256)",True,0,0.0,0.0,0.0,0.0,0.0
getitem_3,getitem,"[['MEM', ((1,), (1,))]]","[['MEM', ((1,),)], ['MEM', ((1,),)]]",[],"{""'size""}",{'add_'},"[(1,)]","(1,)",True,0,2.1721809320477634e-09,2.1721809320477634e-09,0.0,2.1721809320477634e-09,4.344361864095527e-09
add_1,misc,[],[],[],"{""'getitem_3""}",{'su'},"[(1,)]","(1,)",True,0,0.0,0.0,0.0,0.0,0.0
size_1,misc,[],[],[],"{""'ones""}",set(),"[(32, 256)]","(1,)",True,0,0.0,0.0,0.0,0.0,0.0
getitem_4,getitem,"[['MEM', ((1,), (1,))]]","[['MEM', ((1,),)], ['MEM', ((1,),)]]",[],"{""'size""}","{'g', 'expan', 'expand_', 'su', 'ful', 'add_'}","[(1,)]","(1,)",True,0,2.1721809320477634e-09,2.1721809320477634e-09,0.0,2.1721809320477634e-09,4.344361864095527e-09
size_2,misc,[],[],[],"{""'ones""}",{'getitem_'},"[(32, 256)]","(1,)",True,0,0.0,0.0,0.0,0.0,0.0
getitem_5,getitem,"[['MEM', ((1,), (1,))]]","[['MEM', ((1,),)], ['MEM', ((1,),)]]",[],"{""'size_2""}",{'expan'},"[(1,)]","(1,)",True,0,2.1721809320477634e-09,2.1721809320477634e-09,0.0,2.1721809320477634e-09,4.344361864095527e-09
gt,misc,[],[],[],"{""'getitem_4""}",set(),"[(1,)]","(1,)",True,0,0.0,0.0,0.0,0.0,0.0
sub,misc,[],[],[],"{""'getitem_4"", ""'add_1""}","{'add_', 'gt_'}","[(1,), (1,)]","(1,)",True,0,0.0,0.0,0.0,0.0,0.0
getattr_2,misc,[],[],[],"{""'model_decoder_embed_tokens""}","{'to_', 'finfo_', 'finf', 't'}","[(32, 256, 2048)]","(1,)",True,0,0.0,0.0,0.0,0.0,0.0
finfo,misc,[],[],[],"{""'getattr_2""}",{'getattr_'},"[(1,)]","(1,)",True,0,0.0,0.0,0.0,0.0,0.0
getattr_3,misc,[],[],[],"{""'finfo""}",{'ful'},"[(1,)]","(1,)",True,0,0.0,0.0,0.0,0.0,0.0
getattr_4,misc,[],[],[],"{""'ones""}","{'ful', 'arang'}","[(32, 256)]","(1,)",True,0,0.0,0.0,0.0,0.0,0.0
full,misc,[],[],[],"{""'getitem_4"", ""'getattr_4"", ""'getattr_3""}","{'masked_fill', 'size_', 't'}","[(1,), (1,), (1,)]","(256, 256)",True,0,0.0,0.0,0.0,0.0,0.0
size_3,misc,[],[],[],"{""'full""}",{'arang'},"[(256, 256)]","(1,)",True,0,0.0,0.0,0.0,0.0,0.0
arange,misc,[],[],[],"{""'size_3"", ""'getattr_4""}","{'add_', 'l'}","[(1,), (1,)]","(256,)",True,0,0.0,0.0,0.0,0.0,0.0
add_2,VECaddu,"[['VECaddu', (1, 256)]]","[['MEM', ((1, 256),)]]",[],"{""'arange""}",{'view_'},"[(256,)]","(256,)",True,0,0.0,2.780391593021137e-07,0.0,2.780391593021137e-07,2.780391593021137e-07
size_4,misc,[],[],[],"{""'full""}",{'view_'},"[(256, 256)]","(1,)",True,0,0.0,0.0,0.0,0.0,0.0
view_1,misc,[],[],[],"{""'add_2"", ""'size_4""}",{'l'},"[(256,), (1,)]","(256, 1)",True,0,0.0,0.0,0.0,0.0,0.0
lt,misc,[],[],[],"{""'view_1"", ""'arange""}",{'masked_fill'},"[(256,), (256, 1)]","(256, 256)",True,0,0.0,0.0,0.0,0.0,0.0
masked_fill_,misc,[],[],[],"{""'lt"", ""'full""}",set(),"[(256, 256), (256, 256)]","(256, 256)",True,0,0.0,0.0,0.0,0.0,0.0
to,misc,[],[],[],"{""'getattr_2"", ""'full""}",{'getitem_'},"[(256, 256), (1,)]","(256, 256)",True,0,0.0,0.0,0.0,0.0,0.0
gt_1,misc,[],[],[],"{""'sub""}",set(),"[(1,)]","(1,)",True,0,0.0,0.0,0.0,0.0,0.0
getitem_6,getitem,"[['MEM', ((256, 256), (1, 1, 256, 256))]]","[['MEM', ((256, 256),)], ['MEM', ((256, 256),)]]",[],"{""'to""}",{'expan'},"[(256, 256)]","(1, 1, 256, 256)",True,0,0.00014235604956268222,0.00014235604956268222,0.0,0.00014235604956268222,0.00028471209912536445
add_3,misc,[],[],[],"{""'sub"", ""'getitem_4""}",{'expan'},"[(1,), (1,)]","(1,)",True,0,0.0,0.0,0.0,0.0,0.0
expand,misc,[],[],[],"{""'getitem_5"", ""'getitem_4"", ""'getitem_6"", ""'add_3""}",{'masked_fill_'},"[(1, 1, 256, 256), (1,), (1,), (1,)]","(32, 1, 256, 256)",True,0,0.0,0.0,0.0,0.0,0.0
size_5,misc,[],[],[],"{""'ones""}",{'getitem_'},"[(32, 256)]","(1,)",True,0,0.0,0.0,0.0,0.0,0.0
getitem_7,getitem,"[['MEM', ((1,), (1,))]]","[['MEM', ((1,),)], ['MEM', ((1,),)]]",[],"{""'size_5""}",{'expand_'},"[(1,)]","(1,)",True,0,2.1721809320477634e-09,2.1721809320477634e-09,0.0,2.1721809320477634e-09,4.344361864095527e-09
getitem_8,getitem,"[['MEM', ((1,), (1,))]]","[['MEM', ((1,),)], ['MEM', ((1,),)]]",[],"{""'size_5""}",{'expand_'},"[(1,)]","(1,)",True,0,2.1721809320477634e-09,2.1721809320477634e-09,0.0,2.1721809320477634e-09,4.344361864095527e-09
getitem_9,getitem,"[['MEM', ((32, 256), (32, 1, 1, 256))]]","[['MEM', ((32, 256),)], ['MEM', ((32, 256),)]]",[],"{""'ones""}",{'expand_'},"[(32, 256)]","(32, 1, 1, 256)",True,0,1.7794506195335278e-05,1.7794506195335278e-05,0.0,1.7794506195335278e-05,3.5589012390670556e-05
expand_1,misc,[],[],[],"{""'getitem_8"", ""'getitem_4"", ""'getitem_9"", ""'getitem_7""}",{'to_'},"[(32, 1, 1, 256), (1,), (1,), (1,)]","(32, 1, 256, 256)",True,0,0.0,0.0,0.0,0.0,0.0
to_1,misc,[],[],[],"{""'expand_1"", ""'getattr_2""}",{'sub_'},"[(32, 1, 256, 256), (1,)]","(32, 1, 256, 256)",True,0,0.0,0.0,0.0,0.0,0.0
sub_1,misc,[],[],[],"{""'to_1""}","{'to_', 'masked_fil'}","[(32, 1, 256, 256)]","(32, 1, 256, 256)",True,0,0.0,0.0,0.0,0.0,0.0
to_2,misc,[],[],[],"{""'sub_1""}",{'masked_fil'},"[(32, 1, 256, 256)]","(32, 1, 256, 256)",True,0,0.0,0.0,0.0,0.0,0.0
finfo_1,misc,[],[],[],"{""'getattr_2""}",{'getattr_'},"[(1,)]","(1,)",True,0,0.0,0.0,0.0,0.0,0.0
getattr_5,misc,[],[],[],"{""'finfo_1""}",{'masked_fil'},"[(1,)]","(1,)",True,0,0.0,0.0,0.0,0.0,0.0
masked_fill,misc,[],[],[],"{""'sub_1"", ""'to_2"", ""'getattr_5""}",{'to_'},"[(32, 1, 256, 256), (32, 1, 256, 256), (1,)]","(32, 1, 256, 256)",True,0,0.0,0.0,0.0,0.0,0.0
getattr_6,misc,[],[],[],"{""'ones""}",{'to_'},"[(32, 256)]","(1,)",True,0,0.0,0.0,0.0,0.0,0.0
to_3,misc,[],[],[],"{""'getattr_6"", ""'masked_fill""}",{'bool_'},"[(32, 1, 256, 256), (1,)]","(32, 1, 256, 256)",True,0,0.0,0.0,0.0,0.0,0.0
bool_1,misc,[],[],[],"{""'to_3""}",{'masked_fill_'},"[(32, 1, 256, 256)]","(32, 1, 256, 256)",True,0,0.0,0.0,0.0,0.0,0.0
finfo_2,misc,[],[],[],"{""'getattr_2""}",{'getattr_'},"[(1,)]","(1,)",True,0,0.0,0.0,0.0,0.0,0.0
getattr_7,misc,[],[],[],"{""'finfo_2""}",{'masked_fill_'},"[(1,)]","(1,)",True,0,0.0,0.0,0.0,0.0,0.0
masked_fill_1,misc,[],[],[],"{""'getattr_7"", ""'bool_1"", ""'expand""}","{'add_', 'size_'}","[(32, 1, 256, 256), (32, 1, 256, 256), (1,)]","(32, 1, 256, 256)",True,0,0.0,0.0,0.0,0.0,0.0
long,misc,[],[],[],"{""'ones""}","{'cumsu', 'type_a', 'mu'}","[(32, 256)]","(32, 256)",False,0,0.0,0.0,0.0,0.0,0.0
cumsum,cumsum,"[['MEM', ((32, 256), (32, 256))]]","[['MEM', ((32, 256),)], ['MEM', ((32, 256),)]]",[],"{""'long""}",{'type_a'},"[(32, 256)]","(32, 256)",False,0,1.7794506195335278e-05,1.7794506195335278e-05,0.0,1.7794506195335278e-05,3.5589012390670556e-05
type_as,misc,[],[],[],"{""'long"", ""'cumsum""}",{'mu'},"[(32, 256), (32, 256)]","(32, 256)",False,0,0.0,0.0,0.0,0.0,0.0
mul,VECmul,"[['VECmul', (32, 256)]]","[['VECmul', (32, 256)], ['VECmul', (32, 256)]]",[],"{""'long"", ""'type_as""}",{'long_'},"[(32, 256), (32, 256)]","(32, 256)",False,0,0.0,0.0,0.0,0.0,0.0
long_1,misc,[],[],[],"{""'mul""}",{'sub_'},"[(32, 256)]","(32, 256)",False,0,0.0,0.0,0.0,0.0,0.0
sub_2,misc,[],[],[],"{""'long_1""}",{'getitem_1'},"[(32, 256)]","(32, 256)",False,0,0.0,0.0,0.0,0.0,0.0
getitem_10,getitem,"[['MEM', ((32, 256), (32, 256))]]","[['MEM', ((32, 256),)], ['MEM', ((32, 256),)]]",[],"{""'sub_2""}",{'add_'},"[(32, 256)]","(32, 256)",False,0,1.7794506195335278e-05,1.7794506195335278e-05,0.0,1.7794506195335278e-05,3.5589012390670556e-05
add_4,VECaddu,"[['VECaddu', (32, 256)]]","[['MEM', ((32, 256),)]]",[],"{""'getitem_10""}",{'embeddin'},"[(32, 256)]","(32, 256)",False,0,0.0,8.897253097667639e-06,0.0,8.897253097667639e-06,8.897253097667639e-06
model_decoder_embed_positions_weight,misc,[],[],[],set(),{'embeddin'},[],"(2050, 2048)",False,0,0.0,0.0,0.0,0.0,0.0
embedding,misc,[],[],[],"{""'add_4"", ""'model_decoder_embed_positions_weight""}",{'add_'},"[(32, 256), (2050, 2048)]","(32, 256, 2048)",False,0,0.0,0.0,0.0,0.0,0.0
add_5,VECadd,"[['VECadd', (8192, 2048)]]","[['MEM', ((8192, 2048),)], ['MEM', ((8192, 2048),)]]",[],"{""'embedding"", ""'model_decoder_embed_tokens""}","{'model_decoder_layers_0_self_attn_layer_nor', 'add_1'}","[(32, 256, 2048), (32, 256, 2048)]","(32, 256, 2048)",True,0,0.07945515972096473,0.03644314868804665,0.0,0.03644314868804665,0.11589830840901139
model_decoder_layers_0_self_attn_layer_norm,VECln,"[['VECln', (8192, 2048)]]","[['VECmul', (8192, 2048)]]","[['VECadd', [1, 2048]], ['VECadd', [1, 2048]]]","{""'add_5""}","{'model_decoder_layers_0_self_attn_k_proj_base_laye', 'to_', 'model_decoder_layers_0_self_attn_q_proj_base_laye', 'size_', 'model_decoder_layers_0_self_attn_v_proj_base_laye'}","[(32, 256, 2048)]","(32, 256, 2048)",False,0,0.09050789958564565,0.05800698636448942,0.0,0.05800698636448942,0.14851488595013507
size_6,misc,[],[],[],"{""'model_decoder_layers_0_self_attn_layer_norm""}",{'getitem_1'},"[(32, 256, 2048)]","(1,)",True,0,0.0,0.0,0.0,0.0,0.0
getitem_11,getitem,"[['MEM', ((1,), (1,))]]","[['MEM', ((1,),)], ['MEM', ((1,),)]]",[],"{""'size_6""}","{'view_', 'ne_', 'view_1', 'mul_', 'reshap'}","[(1,)]","(1,)",True,0,2.1721809320477634e-09,2.1721809320477634e-09,0.0,2.1721809320477634e-09,4.344361864095527e-09
getitem_12,getitem,"[['MEM', ((1,), (1,))]]","[['MEM', ((1,),)], ['MEM', ((1,),)]]",[],"{""'size_6""}","{'view_', 'ne_', 'n', 'view_1', 'reshap'}","[(1,)]","(1,)",True,0,2.1721809320477634e-09,2.1721809320477634e-09,0.0,2.1721809320477634e-09,4.344361864095527e-09
getitem_13,getitem,"[['MEM', ((1,), (1,))]]","[['MEM', ((1,),)], ['MEM', ((1,),)]]",[],"{""'size_6""}",set(),"[(1,)]","(1,)",True,0,2.1721809320477634e-09,2.1721809320477634e-09,0.0,2.1721809320477634e-09,4.344361864095527e-09
model_decoder_layers_0_self_attn_q_proj_base_layer,Linear,"[['Linear', (8192, 2048, 2048)]]","[['Linear', (8192, 2048, 2048)]]",[],"{""'model_decoder_layers_0_self_attn_layer_norm""}","{'add_', 'getattr_'}","[(32, 256, 2048)]","(32, 256, 2048)",False,0,1.709689386188984,1.709689386188984,0.0,1.709689386188984,3.419378772377968
model_decoder_layers_0_self_attn_q_proj_lora_a_default_weight,misc,[],[],[],set(),{'getattr_'},[],"(16, 2048)",True,0,0.0,0.0,0.0,0.0,0.0
getattr_8,misc,[],[],[],"{""'model_decoder_layers_0_self_attn_q_proj_lora_a_default_weight""}",{'to_'},"[(16, 2048)]","(1,)",True,0,0.0,0.0,0.0,0.0,0.0
to_4,misc,[],[],[],"{""'getattr_8"", ""'model_decoder_layers_0_self_attn_layer_norm""}",{'model_decoder_layers_0_self_attn_q_proj_lora_dropout_defaul'},"[(32, 256, 2048), (1,)]","(32, 256, 2048)",True,0,0.0,0.0,0.0,0.0,0.0
model_decoder_layers_0_self_attn_q_proj_lora_dropout_default,dropout,"[['MEM', ((32, 256, 2048), (32, 256, 2048))]]","[['MEM', ((32, 256, 2048),)], ['MEM', ((32, 256, 2048),)]]",[],"{""'to_4""}",{'model_decoder_layers_0_self_attn_q_proj_lora_a_defaul'},"[(32, 256, 2048)]","(32, 256, 2048)",True,0,0.03644314868804665,0.03644314868804665,0.0,0.03644314868804665,0.0728862973760933
model_decoder_layers_0_self_attn_q_proj_lora_a_default,Linear,"[['Linear', (8192, 2048, 16)]]","[['Linear', (8192, 16, 2048)], ['Linear', (16, 8192, 2048)]]","[['VECadd', [1, 32768]], ['VECadd', [1, 16]]]","{""'model_decoder_layers_0_self_attn_q_proj_lora_dropout_default""}",{'model_decoder_layers_0_self_attn_q_proj_lora_b_defaul'},"[(32, 256, 2048)]","(32, 256, 16)",True,0,0.09152756683761254,0.19913402502425015,0.0,0.19913402502425015,0.2906615918618627
model_decoder_layers_0_self_attn_q_proj_lora_b_default,Linear,"[['Linear', (8192, 16, 2048)]]","[['Linear', (8192, 2048, 16)], ['Linear', (2048, 8192, 16)]]","[['VECadd', [1, 32768]], ['VECadd', [1, 2048]]]","{""'model_decoder_layers_0_self_attn_q_proj_lora_a_default""}",{'mul_'},"[(32, 256, 16)]","(32, 256, 2048)",True,0,0.09594755829311907,0.19471403356874362,0.0,0.19471403356874362,0.2906615918618627
mul_1,VECmulu,"[['VECmulu', (8192, 2048)]]","[['VECmulu', (8192, 2048)]]",[],"{""'model_decoder_layers_0_self_attn_q_proj_lora_b_default""}",{'add_'},"[(32, 256, 2048)]","(32, 256, 2048)",True,0,0.05800698636448942,0.05800698636448942,0.0,0.05800698636448942,0.11601397272897884
add_6,VECadd,"[['VECadd', (8192, 2048)]]","[['MEM', ((8192, 2048),)], ['MEM', ((8192, 2048),)]]",[],"{""'model_decoder_layers_0_self_attn_q_proj_base_layer"", ""'mul_1""}",{'to_'},"[(32, 256, 2048), (32, 256, 2048)]","(32, 256, 2048)",True,0,0.07945515972096473,0.03644314868804665,0.0,0.03644314868804665,0.11589830840901139
getattr_9,misc,[],[],[],"{""'model_decoder_layers_0_self_attn_q_proj_base_layer""}",{'to_'},"[(32, 256, 2048)]","(1,)",True,0,0.0,0.0,0.0,0.0,0.0
to_5,misc,[],[],[],"{""'add_6"", ""'getattr_9""}",{'mul_'},"[(32, 256, 2048), (1,)]","(32, 256, 2048)",True,0,0.0,0.0,0.0,0.0,0.0
mul_2,VECmulu,"[['VECmulu', (8192, 2048)]]","[['VECmulu', (8192, 2048)]]",[],"{""'to_5""}",{'view_'},"[(32, 256, 2048)]","(32, 256, 2048)",True,0,0.05800698636448942,0.05800698636448942,0.0,0.05800698636448942,0.11601397272897884
model_decoder_layers_0_self_attn_k_proj_base_layer,Linear,"[['Linear', (8192, 2048, 2048)]]","[['Linear', (8192, 2048, 2048)]]",[],"{""'model_decoder_layers_0_self_attn_layer_norm""}","{'add_', 'getattr_1'}","[(32, 256, 2048)]","(32, 256, 2048)",False,0,1.709689386188984,1.709689386188984,0.0,1.709689386188984,3.419378772377968
model_decoder_layers_0_self_attn_k_proj_lora_a_default_weight,misc,[],[],[],set(),{'getattr_1'},[],"(16, 2048)",True,0,0.0,0.0,0.0,0.0,0.0
getattr_10,misc,[],[],[],"{""'model_decoder_layers_0_self_attn_k_proj_lora_a_default_weight""}",{'to_'},"[(16, 2048)]","(1,)",True,0,0.0,0.0,0.0,0.0,0.0
to_6,misc,[],[],[],"{""'model_decoder_layers_0_self_attn_layer_norm"", ""'getattr_10""}",{'model_decoder_layers_0_self_attn_k_proj_lora_dropout_defaul'},"[(32, 256, 2048), (1,)]","(32, 256, 2048)",True,0,0.0,0.0,0.0,0.0,0.0
model_decoder_layers_0_self_attn_k_proj_lora_dropout_default,dropout,"[['MEM', ((32, 256, 2048), (32, 256, 2048))]]","[['MEM', ((32, 256, 2048),)], ['MEM', ((32, 256, 2048),)]]",[],"{""'to_6""}",{'model_decoder_layers_0_self_attn_k_proj_lora_a_defaul'},"[(32, 256, 2048)]","(32, 256, 2048)",True,0,0.03644314868804665,0.03644314868804665,0.0,0.03644314868804665,0.0728862973760933
model_decoder_layers_0_self_attn_k_proj_lora_a_default,Linear,"[['Linear', (8192, 2048, 16)]]","[['Linear', (8192, 16, 2048)], ['Linear', (16, 8192, 2048)]]","[['VECadd', [1, 32768]], ['VECadd', [1, 16]]]","{""'model_decoder_layers_0_self_attn_k_proj_lora_dropout_default""}",{'model_decoder_layers_0_self_attn_k_proj_lora_b_defaul'},"[(32, 256, 2048)]","(32, 256, 16)",True,0,0.09152756683761254,0.19913402502425015,0.0,0.19913402502425015,0.2906615918618627
model_decoder_layers_0_self_attn_k_proj_lora_b_default,Linear,"[['Linear', (8192, 16, 2048)]]","[['Linear', (8192, 2048, 16)], ['Linear', (2048, 8192, 16)]]","[['VECadd', [1, 32768]], ['VECadd', [1, 2048]]]","{""'model_decoder_layers_0_self_attn_k_proj_lora_a_default""}",{'mul_'},"[(32, 256, 16)]","(32, 256, 2048)",True,0,0.09594755829311907,0.19471403356874362,0.0,0.19471403356874362,0.2906615918618627
mul_3,VECmulu,"[['VECmulu', (8192, 2048)]]","[['VECmulu', (8192, 2048)]]",[],"{""'model_decoder_layers_0_self_attn_k_proj_lora_b_default""}",{'add_'},"[(32, 256, 2048)]","(32, 256, 2048)",True,0,0.05800698636448942,0.05800698636448942,0.0,0.05800698636448942,0.11601397272897884
add_7,VECadd,"[['VECadd', (8192, 2048)]]","[['MEM', ((8192, 2048),)], ['MEM', ((8192, 2048),)]]",[],"{""'model_decoder_layers_0_self_attn_k_proj_base_layer"", ""'mul_3""}",{'to_'},"[(32, 256, 2048), (32, 256, 2048)]","(32, 256, 2048)",True,0,0.07945515972096473,0.03644314868804665,0.0,0.03644314868804665,0.11589830840901139
getattr_11,misc,[],[],[],"{""'model_decoder_layers_0_self_attn_k_proj_base_layer""}",{'to_'},"[(32, 256, 2048)]","(1,)",True,0,0.0,0.0,0.0,0.0,0.0
to_7,misc,[],[],[],"{""'add_7"", ""'getattr_11""}",{'view_'},"[(32, 256, 2048), (1,)]","(32, 256, 2048)",True,0,0.0,0.0,0.0,0.0,0.0
view_2,misc,[],[],[],"{""'to_7"", ""'getitem_11""}",{'transpos'},"[(32, 256, 2048), (1,)]","(32, 256, 32, 64)",True,0,0.0,0.0,0.0,0.0,0.0
transpose,misc,[],[],[],"{""'view_2""}",{'contiguou'},"[(32, 256, 32, 64)]","(32, 32, 256, 64)",True,0,0.0,0.0,0.0,0.0,0.0
contiguous,contiguous,"[['MEM', ((32, 32, 256, 64), (32, 32, 256, 64))]]","[['MEM', ((32, 32, 256, 64),)], ['MEM', ((32, 32, 256, 64),)]]",[],"{""'transpose""}","{'view_', 'outpu'}","[(32, 32, 256, 64)]","(32, 32, 256, 64)",True,0,0.03644314868804665,0.03644314868804665,0.0,0.03644314868804665,0.0728862973760933
model_decoder_layers_0_self_attn_v_proj_base_layer,Linear,"[['Linear', (8192, 2048, 2048)]]","[['Linear', (8192, 2048, 2048)]]",[],"{""'model_decoder_layers_0_self_attn_layer_norm""}","{'add_', 'getattr_1'}","[(32, 256, 2048)]","(32, 256, 2048)",False,0,1.709689386188984,1.709689386188984,0.0,1.709689386188984,3.419378772377968
model_decoder_layers_0_self_attn_v_proj_lora_a_default_weight,misc,[],[],[],set(),{'getattr_1'},[],"(16, 2048)",True,0,0.0,0.0,0.0,0.0,0.0
getattr_12,misc,[],[],[],"{""'model_decoder_layers_0_self_attn_v_proj_lora_a_default_weight""}",{'to_'},"[(16, 2048)]","(1,)",True,0,0.0,0.0,0.0,0.0,0.0
to_8,misc,[],[],[],"{""'getattr_12"", ""'model_decoder_layers_0_self_attn_layer_norm""}",{'model_decoder_layers_0_self_attn_v_proj_lora_dropout_defaul'},"[(32, 256, 2048), (1,)]","(32, 256, 2048)",True,0,0.0,0.0,0.0,0.0,0.0
model_decoder_layers_0_self_attn_v_proj_lora_dropout_default,dropout,"[['MEM', ((32, 256, 2048), (32, 256, 2048))]]","[['MEM', ((32, 256, 2048),)], ['MEM', ((32, 256, 2048),)]]",[],"{""'to_8""}",{'model_decoder_layers_0_self_attn_v_proj_lora_a_defaul'},"[(32, 256, 2048)]","(32, 256, 2048)",True,0,0.03644314868804665,0.03644314868804665,0.0,0.03644314868804665,0.0728862973760933
model_decoder_layers_0_self_attn_v_proj_lora_a_default,Linear,"[['Linear', (8192, 2048, 16)]]","[['Linear', (8192, 16, 2048)], ['Linear', (16, 8192, 2048)]]","[['VECadd', [1, 32768]], ['VECadd', [1, 16]]]","{""'model_decoder_layers_0_self_attn_v_proj_lora_dropout_default""}",{'model_decoder_layers_0_self_attn_v_proj_lora_b_defaul'},"[(32, 256, 2048)]","(32, 256, 16)",True,0,0.09152756683761254,0.19913402502425015,0.0,0.19913402502425015,0.2906615918618627
model_decoder_layers_0_self_attn_v_proj_lora_b_default,Linear,"[['Linear', (8192, 16, 2048)]]","[['Linear', (8192, 2048, 16)], ['Linear', (2048, 8192, 16)]]","[['VECadd', [1, 32768]], ['VECadd', [1, 2048]]]","{""'model_decoder_layers_0_self_attn_v_proj_lora_a_default""}",{'mul_'},"[(32, 256, 16)]","(32, 256, 2048)",True,0,0.09594755829311907,0.19471403356874362,0.0,0.19471403356874362,0.2906615918618627
mul_4,VECmulu,"[['VECmulu', (8192, 2048)]]","[['VECmulu', (8192, 2048)]]",[],"{""'model_decoder_layers_0_self_attn_v_proj_lora_b_default""}",{'add_'},"[(32, 256, 2048)]","(32, 256, 2048)",True,0,0.05800698636448942,0.05800698636448942,0.0,0.05800698636448942,0.11601397272897884
add_8,VECadd,"[['VECadd', (8192, 2048)]]","[['MEM', ((8192, 2048),)], ['MEM', ((8192, 2048),)]]",[],"{""'model_decoder_layers_0_self_attn_v_proj_base_layer"", ""'mul_4""}",{'to_'},"[(32, 256, 2048), (32, 256, 2048)]","(32, 256, 2048)",True,0,0.07945515972096473,0.03644314868804665,0.0,0.03644314868804665,0.11589830840901139
getattr_13,misc,[],[],[],"{""'model_decoder_layers_0_self_attn_v_proj_base_layer""}",{'to_'},"[(32, 256, 2048)]","(1,)",True,0,0.0,0.0,0.0,0.0,0.0
to_9,misc,[],[],[],"{""'add_8"", ""'getattr_13""}",{'view_'},"[(32, 256, 2048), (1,)]","(32, 256, 2048)",True,0,0.0,0.0,0.0,0.0,0.0
view_3,misc,[],[],[],"{""'getitem_11"", ""'to_9""}",{'transpose_'},"[(32, 256, 2048), (1,)]","(32, 256, 32, 64)",True,0,0.0,0.0,0.0,0.0,0.0
transpose_1,misc,[],[],[],"{""'view_3""}",{'contiguous_'},"[(32, 256, 32, 64)]","(32, 32, 256, 64)",True,0,0.0,0.0,0.0,0.0,0.0
contiguous_1,contiguous,"[['MEM', ((32, 32, 256, 64), (32, 32, 256, 64))]]","[['MEM', ((32, 32, 256, 64),)], ['MEM', ((32, 32, 256, 64),)]]",[],"{""'transpose_1""}","{'view_', 'outpu'}","[(32, 32, 256, 64)]","(32, 32, 256, 64)",True,0,0.03644314868804665,0.03644314868804665,0.0,0.03644314868804665,0.0728862973760933
mul_5,misc,[],[],[],"{""'getitem_11""}",{'view_'},"[(1,)]","(1,)",True,0,0.0,0.0,0.0,0.0,0.0
view_4,misc,[],[],[],"{""'mul_2"", ""'getitem_12"", ""'getitem_11""}",{'transpose_'},"[(32, 256, 2048), (1,), (1,)]","(32, 256, 32, 64)",True,0,0.0,0.0,0.0,0.0,0.0
transpose_2,misc,[],[],[],"{""'view_4""}",{'contiguous_'},"[(32, 256, 32, 64)]","(32, 32, 256, 64)",True,0,0.0,0.0,0.0,0.0,0.0
contiguous_2,contiguous,"[['MEM', ((32, 32, 256, 64), (32, 32, 256, 64))]]","[['MEM', ((32, 32, 256, 64),)], ['MEM', ((32, 32, 256, 64),)]]",[],"{""'transpose_2""}",{'view_'},"[(32, 32, 256, 64)]","(32, 32, 256, 64)",True,0,0.03644314868804665,0.03644314868804665,0.0,0.03644314868804665,0.0728862973760933
view_5,misc,[],[],[],"{""'mul_5"", ""'contiguous_2""}",{'bm'},"[(32, 32, 256, 64), (1,)]","(1024, 256, 64)",True,0,0.0,0.0,0.0,0.0,0.0
view_6,misc,[],[],[],"{""'contiguous"", ""'mul_5""}","{'size_', 'transpose_'}","[(32, 32, 256, 64), (1,)]","(1024, 256, 64)",True,0,0.0,0.0,0.0,0.0,0.0
view_7,misc,[],[],[],"{""'mul_5"", ""'contiguous_1""}",{'bmm_'},"[(32, 32, 256, 64), (1,)]","(1024, 256, 64)",True,0,0.0,0.0,0.0,0.0,0.0
size_7,misc,[],[],[],"{""'view_6""}","{'n', 'ne_', 'view_'}","[(1024, 256, 64)]","(1,)",True,0,0.0,0.0,0.0,0.0,0.0
transpose_3,misc,[],[],[],"{""'view_6""}",{'bm'},"[(1024, 256, 64)]","(1024, 64, 256)",True,0,0.0,0.0,0.0,0.0,0.0
bmm,BMM,"[['BMM', (1024, 256, 64, 256)]]","[['BMM', (1024, 256, 256, 64)], ['BMM', (1024, 64, 256, 256)]]",[],"{""'view_5"", ""'transpose_3""}","{'view_', 'size_'}","[(1024, 256, 64), (1024, 64, 256)]","(1024, 256, 256)",True,0,0.2577697450760752,0.7465442176908255,0.0,0.7465442176908255,1.0043139627669007
size_8,misc,[],[],[],"{""'bmm""}",{'n'},"[(1024, 256, 256)]","(1,)",True,0,0.0,0.0,0.0,0.0,0.0
mul_6,misc,[],[],[],"{""'getitem_11""}",{'n'},"[(1,)]","(1,)",True,0,0.0,0.0,0.0,0.0,0.0
ne,misc,[],[],[],"{""'getitem_12"", ""'size_8"", ""'size_7"", ""'mul_6""}",set(),"[(1,), (1,), (1,), (1,)]","(1,)",True,0,0.0,0.0,0.0,0.0,0.0
size_9,misc,[],[],[],"{""'masked_fill_1""}",{'ne_'},"[(32, 1, 256, 256)]","(1,)",True,0,0.0,0.0,0.0,0.0,0.0
ne_1,misc,[],[],[],"{""'size_7"", ""'size_9"", ""'getitem_12"", ""'getitem_11""}",set(),"[(1,), (1,), (1,), (1,)]","(1,)",True,0,0.0,0.0,0.0,0.0,0.0
view_8,misc,[],[],[],"{""'getitem_12"", ""'size_7"", ""'getitem_11"", ""'bmm""}",{'add_'},"[(1024, 256, 256), (1,), (1,), (1,)]","(32, 32, 256, 256)",True,0,0.0,0.0,0.0,0.0,0.0
add_9,VECadd,"[['VECadd', (262144, 256)]]","[['MEM', ((262144, 256),)], ['MEM', ((262144, 256),)]]",[],"{""'view_8"", ""'masked_fill_1""}","{'getattr_1', 'max_'}","[(32, 32, 256, 256), (32, 1, 256, 256)]","(32, 32, 256, 256)",True,0,0.19007142691407353,0.1457725947521866,0.0,0.1457725947521866,0.33584402166626015
getattr_14,misc,[],[],[],"{""'add_9""}",{'finfo_'},"[(32, 32, 256, 256)]","(1,)",True,0,0.0,0.0,0.0,0.0,0.0
finfo_3,misc,[],[],[],"{""'getattr_14""}",{'getattr_1'},"[(1,)]","(1,)",True,0,0.0,0.0,0.0,0.0,0.0
getattr_15,misc,[],[],[],"{""'finfo_3""}",{'tenso'},"[(1,)]","(1,)",True,0,0.0,0.0,0.0,0.0,0.0
getattr_16,misc,[],[],[],"{""'add_9""}",{'tenso'},"[(32, 32, 256, 256)]","(1,)",True,0,0.0,0.0,0.0,0.0,0.0
tensor,misc,[],[],[],"{""'getattr_16"", ""'getattr_15""}",{'max_'},"[(1,), (1,)]","(1,)",True,0,0.0,0.0,0.0,0.0,0.0
max_1,misc,[],[],[],"{""'tensor"", ""'add_9""}",{'view_'},"[(32, 32, 256, 256), (1,)]","(32, 32, 256, 256)",True,0,0.0,0.0,0.0,0.0,0.0
mul_7,misc,[],[],[],"{""'getitem_11""}",{'view_'},"[(1,)]","(1,)",True,0,0.0,0.0,0.0,0.0,0.0
view_9,misc,[],[],[],"{""'mul_7"", ""'getitem_12"", ""'max_1"", ""'size_7""}","{'getattr_1', 'softma'}","[(32, 32, 256, 256), (1,), (1,), (1,)]","(1024, 256, 256)",True,0,0.0,0.0,0.0,0.0,0.0
getattr_17,misc,[],[],[],"{""'view_9""}",{'e'},"[(1024, 256, 256)]","(1,)",True,0,0.0,0.0,0.0,0.0,0.0
eq,misc,[],[],[],"{""'getattr_17""}",set(),"[(1,)]","(1,)",True,0,0.0,0.0,0.0,0.0,0.0
softmax,VECsoftmax,"[['VECsoftmax', (262144, 256)]]","[['VECmul', (262144, 256)], ['VECsoftmax', (262144, 256)]]",[],"{""'view_9""}",{'dropou'},"[(1024, 256, 256)]","(1024, 256, 256)",True,0,0.2563894959166646,0.4434387374203652,0.0,0.4434387374203652,0.6998282333370298
dropout,dropout,"[['MEM', ((1024, 256, 256), (1024, 256, 256))]]","[['MEM', ((1024, 256, 256),)], ['MEM', ((1024, 256, 256),)]]",[],"{""'softmax""}",{'bmm_'},"[(1024, 256, 256)]","(1024, 256, 256)",True,0,0.1457725947521866,0.1457725947521866,0.0,0.1457725947521866,0.2915451895043732
bmm_1,BMM,"[['BMM', (1024, 256, 256, 64)]]","[['BMM', (1024, 256, 64, 256)], ['BMM', (1024, 256, 256, 64)]]",[],"{""'dropout"", ""'view_7""}","{'view_1', 'size_1'}","[(1024, 256, 256), (1024, 256, 64)]","(1024, 256, 64)",True,0,0.37327210884541273,0.6310418539214879,0.0,0.6310418539214879,1.0043139627669007
size_10,misc,[],[],[],"{""'bmm_1""}",{'ne_'},"[(1024, 256, 64)]","(1,)",True,0,0.0,0.0,0.0,0.0,0.0
mul_8,misc,[],[],[],"{""'getitem_11""}",{'ne_'},"[(1,)]","(1,)",True,0,0.0,0.0,0.0,0.0,0.0
ne_2,misc,[],[],[],"{""'getitem_12"", ""'mul_8"", ""'size_10""}",set(),"[(1,), (1,), (1,)]","(1,)",True,0,0.0,0.0,0.0,0.0,0.0
view_10,misc,[],[],[],"{""'getitem_12"", ""'bmm_1"", ""'getitem_11""}",{'transpose_'},"[(1024, 256, 64), (1,), (1,)]","(32, 32, 256, 64)",True,0,0.0,0.0,0.0,0.0,0.0
transpose_4,misc,[],[],[],"{""'view_10""}",{'reshap'},"[(32, 32, 256, 64)]","(32, 256, 32, 64)",True,0,0.0,0.0,0.0,0.0,0.0
reshape,misc,[],[],[],"{""'getitem_12"", ""'transpose_4"", ""'getitem_11""}",{'model_decoder_layers_0_self_attn_out_pro'},"[(32, 256, 32, 64), (1,), (1,)]","(32, 256, 2048)",True,0,0.0,0.0,0.0,0.0,0.0
model_decoder_layers_0_self_attn_out_proj,Linear,"[['Linear', (8192, 2048, 2048)]]","[['Linear', (8192, 2048, 2048)]]",[],"{""'reshape""}",{'dropout_'},"[(32, 256, 2048)]","(32, 256, 2048)",False,0,1.709689386188984,1.709689386188984,0.0,1.709689386188984,3.419378772377968
dropout_1,dropout,"[['MEM', ((32, 256, 2048), (32, 256, 2048))]]","[['MEM', ((32, 256, 2048),)], ['MEM', ((32, 256, 2048),)]]",[],"{""'model_decoder_layers_0_self_attn_out_proj""}",{'add_1'},"[(32, 256, 2048)]","(32, 256, 2048)",True,0,0.03644314868804665,0.03644314868804665,0.0,0.03644314868804665,0.0728862973760933
add_10,VECadd,"[['VECadd', (8192, 2048)]]","[['MEM', ((8192, 2048),)], ['MEM', ((8192, 2048),)]]",[],"{""'add_5"", ""'dropout_1""}","{'size_1', 'reshape_'}","[(32, 256, 2048), (32, 256, 2048)]","(32, 256, 2048)",True,0,0.07945515972096473,0.03644314868804665,0.0,0.03644314868804665,0.11589830840901139
size_11,misc,[],[],[],"{""'add_10""}",{'view_1'},"[(32, 256, 2048)]","(1,)",True,0,0.0,0.0,0.0,0.0,0.0
size_12,misc,[],[],[],"{""'add_10""}",{'reshape_'},"[(32, 256, 2048)]","(1,)",True,0,0.0,0.0,0.0,0.0,0.0
reshape_1,misc,[],[],[],"{""'size_12"", ""'add_10""}","{'model_decoder_layers_0_final_layer_nor', 'add_1'}","[(32, 256, 2048), (1,)]","(8192, 2048)",True,0,0.0,0.0,0.0,0.0,0.0
model_decoder_layers_0_final_layer_norm,VECln,"[['VECln', (8192, 2048)]]","[['VECmul', (8192, 2048)]]","[['VECadd', [1, 2048]], ['VECadd', [1, 2048]]]","{""'reshape_1""}",{'model_decoder_layers_0_fc'},"[(8192, 2048)]","(8192, 2048)",False,0,0.09050789958564565,0.05800698636448942,0.0,0.05800698636448942,0.14851488595013507
model_decoder_layers_0_fc1,Linear,"[['Linear', (8192, 2048, 8192)]]","[['Linear', (8192, 8192, 2048)]]",[],"{""'model_decoder_layers_0_final_layer_norm""}",{'model_decoder_layers_0_activation_f'},"[(8192, 2048)]","(8192, 8192)",False,0,5.561570171266794,5.5894870311021805,0.0,5.5894870311021805,11.151057202368975
model_decoder_layers_0_activation_fn,VECrelu,"[['VECrelu', (8192, 8192)]]","[['VECrelu', (8192, 8192)]]",[],"{""'model_decoder_layers_0_fc1""}",{'model_decoder_layers_0_fc'},"[(8192, 8192)]","(8192, 8192)",True,0,0.18864896264858544,0.18864896264858544,0.0,0.18864896264858544,0.3772979252971709
model_decoder_layers_0_fc2,Linear,"[['Linear', (8192, 8192, 2048)]]","[['Linear', (8192, 2048, 8192)]]",[],"{""'model_decoder_layers_0_activation_fn""}",{'dropout_'},"[(8192, 8192)]","(8192, 2048)",False,0,5.5894870311021805,5.561570171266794,0.0,5.561570171266794,11.151057202368975
dropout_2,dropout,"[['MEM', ((8192, 2048), (8192, 2048))]]","[['MEM', ((8192, 2048),)], ['MEM', ((8192, 2048),)]]",[],"{""'model_decoder_layers_0_fc2""}",{'add_1'},"[(8192, 2048)]","(8192, 2048)",True,0,0.03644314868804665,0.03644314868804665,0.0,0.03644314868804665,0.0728862973760933
add_11,VECadd,"[['VECadd', (8192, 2048)]]","[['MEM', ((8192, 2048),)], ['MEM', ((8192, 2048),)]]",[],"{""'reshape_1"", ""'dropout_2""}",{'view_1'},"[(8192, 2048), (8192, 2048)]","(8192, 2048)",True,0,0.07945515972096473,0.03644314868804665,0.0,0.03644314868804665,0.11589830840901139
view_11,misc,[],[],[],"{""'add_11"", ""'size_11""}",{'model_decoder_final_layer_nor'},"[(8192, 2048), (1,)]","(32, 256, 2048)",True,0,0.0,0.0,0.0,0.0,0.0
model_decoder_final_layer_norm,VECln,"[['VECln', (8192, 2048)]]","[['VECmul', (8192, 2048)]]","[['VECadd', [1, 2048]], ['VECadd', [1, 2048]]]","{""'view_11""}",{'lm_hea'},"[(32, 256, 2048)]","(32, 256, 2048)",False,0,0.09050789958564565,0.05800698636448942,0.0,0.05800698636448942,0.14851488595013507
lm_head,Linear,"[['Linear', (8192, 2048, 50272)]]","[['Linear', (8192, 50272, 2048)]]",[],"{""'model_decoder_final_layer_norm""}",{'contiguous_'},"[(32, 256, 2048)]","(32, 256, 50272)",False,0,37.09465637803078,81.1675563454628,0.0,81.1675563454628,118.26221272349358
contiguous_3,contiguous,"[['MEM', ((32, 256, 50272), (32, 256, 50272))]]","[['MEM', ((32, 256, 50272),)], ['MEM', ((32, 256, 50272),)]]",[],"{""'lm_head""}",{'outpu'},"[(32, 256, 50272)]","(32, 256, 50272)",True,0,0.894565415451895,0.894565415451895,0.0,0.894565415451895,1.78913083090379
output,output,[],[],[],"{""'contiguous"", ""'contiguous_1"", ""'contiguous_3""}",set(),"[(32, 256, 50272), (32, 32, 256, 64), (32, 32, 256, 64)]","(32, 256, 50272)",True,0,0.0,0.0,0.0,0.0,0.0
