input_shapes,input_contiguous,contiguous,output_shape,dtype,Name,meta,module_path,linear_weight_trainable,lora_rank,_input_nodes,users
[],[],True,"(2, 1024)",torch.int64,input_ids,{},,True,0,[],"[size, view]"
"[[2, 1024]]",[True],True,"(1,)",,size,"{'nn_module_stack': OrderedDict({'model.decoder': ('model.decoder', <class 'transformers.models.opt.modeling_opt.OPTDecoder'>)})}",model.decoder,True,0,['input_ids'],"[getitem, getitem_1, getitem_2, getitem_3, getitem_4]"
[[1]],[True],True,"(1,)",,getitem,"{'nn_module_stack': OrderedDict({'model.decoder': ('model.decoder', <class 'transformers.models.opt.modeling_opt.OPTDecoder'>)})}",model.decoder,True,0,['size'],[view]
"[[2, 1024], [1]]","[True, True]",True,"(2, 1024)",torch.int64,view,"{'nn_module_stack': OrderedDict({'model.decoder': ('model.decoder', <class 'transformers.models.opt.modeling_opt.OPTDecoder'>)})}",model.decoder,True,0,"['input_ids', 'getitem']",[model_decoder_embed_tokens]
"[[2, 1024]]",[True],True,"(2, 1024, 2048)",torch.float32,model_decoder_embed_tokens,"{'nn_module_stack': OrderedDict({'model.decoder': ('model.decoder', <class 'transformers.models.opt.modeling_opt.OPTDecoder'>), 'model.decoder.embed_tokens': ('model.decoder.embed_tokens', <class 'torch.nn.modules.sparse.Embedding'>)})}",model.decoder.embed_tokens,False,0,['view'],"[getattr_1, getattr_2, model_decoder_project_in]"
[[1]],[True],True,"(1,)",,getitem_1,"{'nn_module_stack': OrderedDict({'model.decoder': ('model.decoder', <class 'transformers.models.opt.modeling_opt.OPTDecoder'>)})}",model.decoder,True,0,['size'],[ones]
[[1]],[True],True,"(1,)",,getitem_2,"{'nn_module_stack': OrderedDict({'model.decoder': ('model.decoder', <class 'transformers.models.opt.modeling_opt.OPTDecoder'>)})}",model.decoder,True,0,['size'],[add]
[[1]],[True],True,"(1,)",,add,"{'nn_module_stack': OrderedDict({'model.decoder': ('model.decoder', <class 'transformers.models.opt.modeling_opt.OPTDecoder'>)})}",model.decoder,True,0,['getitem_2'],[ones]
"[[2, 1024, 2048]]",[True],True,"(1,)",,getattr_1,"{'nn_module_stack': OrderedDict({'model.decoder': ('model.decoder', <class 'transformers.models.opt.modeling_opt.OPTDecoder'>)})}",model.decoder,True,0,['model_decoder_embed_tokens'],[ones]
"[[1], [1], [1]]","[True, True, True]",True,"(2, 1024)",torch.float32,ones,"{'nn_module_stack': OrderedDict({'model.decoder': ('model.decoder', <class 'transformers.models.opt.modeling_opt.OPTDecoder'>)})}",model.decoder,True,0,"['getitem_1', 'add', 'getattr_1']","[size_1, size_2, getattr_4, size_5, getitem_9, getattr_6, long]"
[[1]],[True],True,"(1,)",,getitem_3,"{'nn_module_stack': OrderedDict({'model.decoder': ('model.decoder', <class 'transformers.models.opt.modeling_opt.OPTDecoder'>)})}",model.decoder,True,0,['size'],[add_1]
[[1]],[True],True,"(1,)",,add_1,"{'nn_module_stack': OrderedDict({'model.decoder': ('model.decoder', <class 'transformers.models.opt.modeling_opt.OPTDecoder'>)})}",model.decoder,True,0,['getitem_3'],[sub]
"[[2, 1024]]",[True],True,"(1,)",,size_1,"{'nn_module_stack': OrderedDict({'model.decoder': ('model.decoder', <class 'transformers.models.opt.modeling_opt.OPTDecoder'>)})}",model.decoder,True,0,['ones'],[]
[[1]],[True],True,"(1,)",,getitem_4,"{'nn_module_stack': OrderedDict({'model.decoder': ('model.decoder', <class 'transformers.models.opt.modeling_opt.OPTDecoder'>)})}",model.decoder,True,0,['size'],"[gt, sub, full, add_3, expand, expand_1]"
"[[2, 1024]]",[True],True,"(1,)",,size_2,"{'nn_module_stack': OrderedDict({'model.decoder': ('model.decoder', <class 'transformers.models.opt.modeling_opt.OPTDecoder'>)})}",model.decoder,True,0,['ones'],[getitem_5]
[[1]],[True],True,"(1,)",,getitem_5,"{'nn_module_stack': OrderedDict({'model.decoder': ('model.decoder', <class 'transformers.models.opt.modeling_opt.OPTDecoder'>)})}",model.decoder,True,0,['size_2'],[expand]
[[1]],[True],True,"(1,)",,gt,"{'nn_module_stack': OrderedDict({'model.decoder': ('model.decoder', <class 'transformers.models.opt.modeling_opt.OPTDecoder'>)})}",model.decoder,True,0,['getitem_4'],[]
"[[1], [1]]","[True, True]",True,"(1,)",,sub,"{'nn_module_stack': OrderedDict({'model.decoder': ('model.decoder', <class 'transformers.models.opt.modeling_opt.OPTDecoder'>)})}",model.decoder,True,0,"['add_1', 'getitem_4']","[gt_1, add_3]"
"[[2, 1024, 2048]]",[True],True,"(1,)",,getattr_2,"{'nn_module_stack': OrderedDict({'model.decoder': ('model.decoder', <class 'transformers.models.opt.modeling_opt.OPTDecoder'>)})}",model.decoder,True,0,['model_decoder_embed_tokens'],"[finfo, to, to_1, finfo_1, finfo_2]"
[[1]],[True],True,"(1,)",,finfo,"{'nn_module_stack': OrderedDict({'model.decoder': ('model.decoder', <class 'transformers.models.opt.modeling_opt.OPTDecoder'>)})}",model.decoder,True,0,['getattr_2'],[getattr_3]
[[1]],[True],True,"(1,)",,getattr_3,"{'nn_module_stack': OrderedDict({'model.decoder': ('model.decoder', <class 'transformers.models.opt.modeling_opt.OPTDecoder'>)})}",model.decoder,True,0,['finfo'],[full]
"[[2, 1024]]",[True],True,"(1,)",,getattr_4,"{'nn_module_stack': OrderedDict({'model.decoder': ('model.decoder', <class 'transformers.models.opt.modeling_opt.OPTDecoder'>)})}",model.decoder,True,0,['ones'],"[full, arange]"
"[[1], [1], [1]]","[True, True, True]",True,"(1024, 1024)",torch.float32,full,"{'nn_module_stack': OrderedDict({'model.decoder': ('model.decoder', <class 'transformers.models.opt.modeling_opt.OPTDecoder'>)})}",model.decoder,True,0,"['getitem_4', 'getattr_3', 'getattr_4']","[size_3, size_4, masked_fill_, to]"
"[[1024, 1024]]",[True],True,"(1,)",,size_3,"{'nn_module_stack': OrderedDict({'model.decoder': ('model.decoder', <class 'transformers.models.opt.modeling_opt.OPTDecoder'>)})}",model.decoder,True,0,['full'],[arange]
"[[1], [1]]","[True, True]",True,"(1024,)",torch.int64,arange,"{'nn_module_stack': OrderedDict({'model.decoder': ('model.decoder', <class 'transformers.models.opt.modeling_opt.OPTDecoder'>)})}",model.decoder,True,0,"['size_3', 'getattr_4']","[add_2, lt]"
[[1024]],[True],True,"(1024,)",torch.int64,add_2,"{'nn_module_stack': OrderedDict({'model.decoder': ('model.decoder', <class 'transformers.models.opt.modeling_opt.OPTDecoder'>)})}",model.decoder,True,0,['arange'],[view_1]
"[[1024, 1024]]",[True],True,"(1,)",,size_4,"{'nn_module_stack': OrderedDict({'model.decoder': ('model.decoder', <class 'transformers.models.opt.modeling_opt.OPTDecoder'>)})}",model.decoder,True,0,['full'],[view_1]
"[[1024], [1]]","[True, True]",True,"(1024, 1)",torch.int64,view_1,"{'nn_module_stack': OrderedDict({'model.decoder': ('model.decoder', <class 'transformers.models.opt.modeling_opt.OPTDecoder'>)})}",model.decoder,True,0,"['add_2', 'size_4']",[lt]
"[[1024], [1024, 1]]","[True, True]",True,"(1024, 1024)",torch.bool,lt,"{'nn_module_stack': OrderedDict({'model.decoder': ('model.decoder', <class 'transformers.models.opt.modeling_opt.OPTDecoder'>)})}",model.decoder,True,0,"['arange', 'view_1']",[masked_fill_]
"[[1024, 1024], [1024, 1024]]","[True, True]",True,"(1024, 1024)",torch.float32,masked_fill_,"{'nn_module_stack': OrderedDict({'model.decoder': ('model.decoder', <class 'transformers.models.opt.modeling_opt.OPTDecoder'>)})}",model.decoder,True,0,"['full', 'lt']",[]
"[[1024, 1024], [1]]","[True, True]",True,"(1024, 1024)",torch.float32,to,"{'nn_module_stack': OrderedDict({'model.decoder': ('model.decoder', <class 'transformers.models.opt.modeling_opt.OPTDecoder'>)})}",model.decoder,True,0,"['full', 'getattr_2']",[getitem_6]
[[1]],[True],True,"(1,)",,gt_1,"{'nn_module_stack': OrderedDict({'model.decoder': ('model.decoder', <class 'transformers.models.opt.modeling_opt.OPTDecoder'>)})}",model.decoder,True,0,['sub'],[]
"[[1024, 1024]]",[True],True,"(1, 1, 1024, 1024)",torch.float32,getitem_6,"{'nn_module_stack': OrderedDict({'model.decoder': ('model.decoder', <class 'transformers.models.opt.modeling_opt.OPTDecoder'>)})}",model.decoder,True,0,['to'],[expand]
"[[1], [1]]","[True, True]",True,"(1,)",,add_3,"{'nn_module_stack': OrderedDict({'model.decoder': ('model.decoder', <class 'transformers.models.opt.modeling_opt.OPTDecoder'>)})}",model.decoder,True,0,"['getitem_4', 'sub']",[expand]
"[[1, 1, 1024, 1024], [1], [1], [1]]","[True, True, True, True]",False,"(2, 1, 1024, 1024)",torch.float32,expand,"{'nn_module_stack': OrderedDict({'model.decoder': ('model.decoder', <class 'transformers.models.opt.modeling_opt.OPTDecoder'>)})}",model.decoder,True,0,"['getitem_6', 'getitem_5', 'getitem_4', 'add_3']",[masked_fill_1]
"[[2, 1024]]",[True],True,"(1,)",,size_5,"{'nn_module_stack': OrderedDict({'model.decoder': ('model.decoder', <class 'transformers.models.opt.modeling_opt.OPTDecoder'>)})}",model.decoder,True,0,['ones'],"[getitem_7, getitem_8]"
[[1]],[True],True,"(1,)",,getitem_7,"{'nn_module_stack': OrderedDict({'model.decoder': ('model.decoder', <class 'transformers.models.opt.modeling_opt.OPTDecoder'>)})}",model.decoder,True,0,['size_5'],[expand_1]
[[1]],[True],True,"(1,)",,getitem_8,"{'nn_module_stack': OrderedDict({'model.decoder': ('model.decoder', <class 'transformers.models.opt.modeling_opt.OPTDecoder'>)})}",model.decoder,True,0,['size_5'],[expand_1]
"[[2, 1024]]",[True],True,"(2, 1, 1, 1024)",torch.float32,getitem_9,"{'nn_module_stack': OrderedDict({'model.decoder': ('model.decoder', <class 'transformers.models.opt.modeling_opt.OPTDecoder'>)})}",model.decoder,True,0,['ones'],[expand_1]
"[[2, 1, 1, 1024], [1], [1], [1]]","[True, True, True, True]",False,"(2, 1, 1024, 1024)",torch.float32,expand_1,"{'nn_module_stack': OrderedDict({'model.decoder': ('model.decoder', <class 'transformers.models.opt.modeling_opt.OPTDecoder'>)})}",model.decoder,True,0,"['getitem_9', 'getitem_7', 'getitem_4', 'getitem_8']",[to_1]
"[[2, 1, 1024, 1024], [1]]","[False, True]",False,"(2, 1, 1024, 1024)",torch.float32,to_1,"{'nn_module_stack': OrderedDict({'model.decoder': ('model.decoder', <class 'transformers.models.opt.modeling_opt.OPTDecoder'>)})}",model.decoder,True,0,"['expand_1', 'getattr_2']",[sub_1]
"[[2, 1, 1024, 1024]]",[False],True,"(2, 1, 1024, 1024)",torch.float32,sub_1,"{'nn_module_stack': OrderedDict({'model.decoder': ('model.decoder', <class 'transformers.models.opt.modeling_opt.OPTDecoder'>)})}",model.decoder,True,0,['to_1'],"[to_2, masked_fill]"
"[[2, 1, 1024, 1024]]",[True],True,"(2, 1, 1024, 1024)",torch.bool,to_2,"{'nn_module_stack': OrderedDict({'model.decoder': ('model.decoder', <class 'transformers.models.opt.modeling_opt.OPTDecoder'>)})}",model.decoder,True,0,['sub_1'],[masked_fill]
[[1]],[True],True,"(1,)",,finfo_1,"{'nn_module_stack': OrderedDict({'model.decoder': ('model.decoder', <class 'transformers.models.opt.modeling_opt.OPTDecoder'>)})}",model.decoder,True,0,['getattr_2'],[getattr_5]
[[1]],[True],True,"(1,)",,getattr_5,"{'nn_module_stack': OrderedDict({'model.decoder': ('model.decoder', <class 'transformers.models.opt.modeling_opt.OPTDecoder'>)})}",model.decoder,True,0,['finfo_1'],[masked_fill]
"[[2, 1, 1024, 1024], [2, 1, 1024, 1024], [1]]","[True, True, True]",True,"(2, 1, 1024, 1024)",torch.float32,masked_fill,"{'nn_module_stack': OrderedDict({'model.decoder': ('model.decoder', <class 'transformers.models.opt.modeling_opt.OPTDecoder'>)})}",model.decoder,True,0,"['sub_1', 'to_2', 'getattr_5']",[to_3]
"[[2, 1024]]",[True],True,"(1,)",,getattr_6,"{'nn_module_stack': OrderedDict({'model.decoder': ('model.decoder', <class 'transformers.models.opt.modeling_opt.OPTDecoder'>)})}",model.decoder,True,0,['ones'],[to_3]
"[[2, 1, 1024, 1024], [1]]","[True, True]",True,"(2, 1, 1024, 1024)",torch.float32,to_3,"{'nn_module_stack': OrderedDict({'model.decoder': ('model.decoder', <class 'transformers.models.opt.modeling_opt.OPTDecoder'>)})}",model.decoder,True,0,"['masked_fill', 'getattr_6']",[bool_1]
"[[2, 1, 1024, 1024]]",[True],True,"(2, 1, 1024, 1024)",torch.bool,bool_1,"{'nn_module_stack': OrderedDict({'model.decoder': ('model.decoder', <class 'transformers.models.opt.modeling_opt.OPTDecoder'>)})}",model.decoder,True,0,['to_3'],[masked_fill_1]
[[1]],[True],True,"(1,)",,finfo_2,"{'nn_module_stack': OrderedDict({'model.decoder': ('model.decoder', <class 'transformers.models.opt.modeling_opt.OPTDecoder'>)})}",model.decoder,True,0,['getattr_2'],[getattr_7]
[[1]],[True],True,"(1,)",,getattr_7,"{'nn_module_stack': OrderedDict({'model.decoder': ('model.decoder', <class 'transformers.models.opt.modeling_opt.OPTDecoder'>)})}",model.decoder,True,0,['finfo_2'],[masked_fill_1]
"[[2, 1, 1024, 1024], [2, 1, 1024, 1024], [1]]","[False, True, True]",True,"(2, 1, 1024, 1024)",torch.float32,masked_fill_1,"{'nn_module_stack': OrderedDict({'model.decoder': ('model.decoder', <class 'transformers.models.opt.modeling_opt.OPTDecoder'>)})}",model.decoder,True,0,"['expand', 'bool_1', 'getattr_7']","[size_9, add_9]"
"[[2, 1024]]",[True],True,"(2, 1024)",torch.int64,long,"{'nn_module_stack': OrderedDict({'model.decoder': ('model.decoder', <class 'transformers.models.opt.modeling_opt.OPTDecoder'>), 'model.decoder.embed_positions': ('model.decoder.embed_positions', <class 'transformers.models.opt.modeling_opt.OPTLearnedPositionalEmbedding'>)})}",model.decoder.embed_positions,False,0,['ones'],"[cumsum, type_as, mul]"
"[[2, 1024]]",[True],True,"(2, 1024)",torch.int64,cumsum,"{'nn_module_stack': OrderedDict({'model.decoder': ('model.decoder', <class 'transformers.models.opt.modeling_opt.OPTDecoder'>), 'model.decoder.embed_positions': ('model.decoder.embed_positions', <class 'transformers.models.opt.modeling_opt.OPTLearnedPositionalEmbedding'>)})}",model.decoder.embed_positions,False,0,['long'],[type_as]
"[[2, 1024], [2, 1024]]","[True, True]",True,"(2, 1024)",torch.int64,type_as,"{'nn_module_stack': OrderedDict({'model.decoder': ('model.decoder', <class 'transformers.models.opt.modeling_opt.OPTDecoder'>), 'model.decoder.embed_positions': ('model.decoder.embed_positions', <class 'transformers.models.opt.modeling_opt.OPTLearnedPositionalEmbedding'>)})}",model.decoder.embed_positions,False,0,"['cumsum', 'long']",[mul]
"[[2, 1024], [2, 1024]]","[True, True]",True,"(2, 1024)",torch.int64,mul,"{'nn_module_stack': OrderedDict({'model.decoder': ('model.decoder', <class 'transformers.models.opt.modeling_opt.OPTDecoder'>), 'model.decoder.embed_positions': ('model.decoder.embed_positions', <class 'transformers.models.opt.modeling_opt.OPTLearnedPositionalEmbedding'>)})}",model.decoder.embed_positions,False,0,"['type_as', 'long']",[long_1]
"[[2, 1024]]",[True],True,"(2, 1024)",torch.int64,long_1,"{'nn_module_stack': OrderedDict({'model.decoder': ('model.decoder', <class 'transformers.models.opt.modeling_opt.OPTDecoder'>), 'model.decoder.embed_positions': ('model.decoder.embed_positions', <class 'transformers.models.opt.modeling_opt.OPTLearnedPositionalEmbedding'>)})}",model.decoder.embed_positions,False,0,['mul'],[sub_2]
"[[2, 1024]]",[True],True,"(2, 1024)",torch.int64,sub_2,"{'nn_module_stack': OrderedDict({'model.decoder': ('model.decoder', <class 'transformers.models.opt.modeling_opt.OPTDecoder'>), 'model.decoder.embed_positions': ('model.decoder.embed_positions', <class 'transformers.models.opt.modeling_opt.OPTLearnedPositionalEmbedding'>)})}",model.decoder.embed_positions,False,0,['long_1'],[getitem_10]
"[[2, 1024]]",[True],True,"(2, 1024)",torch.int64,getitem_10,"{'nn_module_stack': OrderedDict({'model.decoder': ('model.decoder', <class 'transformers.models.opt.modeling_opt.OPTDecoder'>), 'model.decoder.embed_positions': ('model.decoder.embed_positions', <class 'transformers.models.opt.modeling_opt.OPTLearnedPositionalEmbedding'>)})}",model.decoder.embed_positions,False,0,['sub_2'],[add_4]
"[[2, 1024]]",[True],True,"(2, 1024)",torch.int64,add_4,"{'nn_module_stack': OrderedDict({'model.decoder': ('model.decoder', <class 'transformers.models.opt.modeling_opt.OPTDecoder'>), 'model.decoder.embed_positions': ('model.decoder.embed_positions', <class 'transformers.models.opt.modeling_opt.OPTLearnedPositionalEmbedding'>)})}",model.decoder.embed_positions,False,0,['getitem_10'],[embedding]
[],[],True,"(2050, 512)",torch.float32,model_decoder_embed_positions_weight,"{'nn_module_stack': OrderedDict({'model.decoder': ('model.decoder', <class 'transformers.models.opt.modeling_opt.OPTDecoder'>), 'model.decoder.embed_positions': ('model.decoder.embed_positions', <class 'transformers.models.opt.modeling_opt.OPTLearnedPositionalEmbedding'>)})}",model.decoder.embed_positions,False,0,[],[embedding]
"[[2, 1024], [2050, 512]]","[True, True]",True,"(2, 1024, 512)",torch.float32,embedding,"{'nn_module_stack': OrderedDict({'model.decoder': ('model.decoder', <class 'transformers.models.opt.modeling_opt.OPTDecoder'>), 'model.decoder.embed_positions': ('model.decoder.embed_positions', <class 'transformers.models.opt.modeling_opt.OPTLearnedPositionalEmbedding'>)})}",model.decoder.embed_positions,False,0,"['add_4', 'model_decoder_embed_positions_weight']",[add_5]
"[[2, 1024, 2048]]",[True],True,"(2, 1024, 512)",torch.float32,model_decoder_project_in,"{'nn_module_stack': OrderedDict({'model.decoder': ('model.decoder', <class 'transformers.models.opt.modeling_opt.OPTDecoder'>), 'model.decoder.project_in': ('model.decoder.project_in', <class 'torch.nn.modules.linear.Linear'>)})}",model.decoder.project_in,False,0,['model_decoder_embed_tokens'],[add_5]
"[[2, 1024, 512], [2, 1024, 512]]","[True, True]",True,"(2, 1024, 512)",torch.float32,add_5,"{'nn_module_stack': OrderedDict({'model.decoder': ('model.decoder', <class 'transformers.models.opt.modeling_opt.OPTDecoder'>)})}",model.decoder,True,0,"['model_decoder_project_in', 'embedding']","[model_decoder_layers_0_self_attn_layer_norm, add_10]"
"[[2, 1024, 512]]",[True],True,"(2, 1024, 512)",torch.float32,model_decoder_layers_0_self_attn_layer_norm,"{'nn_module_stack': OrderedDict({'model.decoder': ('model.decoder', <class 'transformers.models.opt.modeling_opt.OPTDecoder'>), 'model.decoder.layers.0': ('model.decoder.layers.0', <class 'transformers.models.opt.modeling_opt.OPTDecoderLayer'>), 'model.decoder.layers.0.self_attn_layer_norm': ('model.decoder.layers.0.self_attn_layer_norm', <class 'torch.nn.modules.normalization.LayerNorm'>)})}",model.decoder.layers.0.self_attn_layer_norm,False,0,['add_5'],"[size_6, model_decoder_layers_0_self_attn_q_proj_base_layer, to_4, model_decoder_layers_0_self_attn_k_proj_base_layer, to_6, model_decoder_layers_0_self_attn_v_proj_base_layer, to_8]"
"[[2, 1024, 512]]",[True],True,"(1,)",,size_6,"{'nn_module_stack': OrderedDict({'model.decoder': ('model.decoder', <class 'transformers.models.opt.modeling_opt.OPTDecoder'>), 'model.decoder.layers.0': ('model.decoder.layers.0', <class 'transformers.models.opt.modeling_opt.OPTDecoderLayer'>), 'model.decoder.layers.0.self_attn': ('model.decoder.layers.0.self_attn', <class 'transformers.models.opt.modeling_opt.OPTAttention'>)})}",model.decoder.layers.0.self_attn,True,0,['model_decoder_layers_0_self_attn_layer_norm'],"[getitem_11, getitem_12, getitem_13]"
[[1]],[True],True,"(1,)",,getitem_11,"{'nn_module_stack': OrderedDict({'model.decoder': ('model.decoder', <class 'transformers.models.opt.modeling_opt.OPTDecoder'>), 'model.decoder.layers.0': ('model.decoder.layers.0', <class 'transformers.models.opt.modeling_opt.OPTDecoderLayer'>), 'model.decoder.layers.0.self_attn': ('model.decoder.layers.0.self_attn', <class 'transformers.models.opt.modeling_opt.OPTAttention'>)})}",model.decoder.layers.0.self_attn,True,0,['size_6'],"[view_2, view_3, mul_5, view_4, mul_6, ne_1, view_8, mul_7, mul_8, view_10, reshape]"
[[1]],[True],True,"(1,)",,getitem_12,"{'nn_module_stack': OrderedDict({'model.decoder': ('model.decoder', <class 'transformers.models.opt.modeling_opt.OPTDecoder'>), 'model.decoder.layers.0': ('model.decoder.layers.0', <class 'transformers.models.opt.modeling_opt.OPTDecoderLayer'>), 'model.decoder.layers.0.self_attn': ('model.decoder.layers.0.self_attn', <class 'transformers.models.opt.modeling_opt.OPTAttention'>)})}",model.decoder.layers.0.self_attn,True,0,['size_6'],"[view_4, ne, ne_1, view_8, view_9, ne_2, view_10, reshape]"
[[1]],[True],True,"(1,)",,getitem_13,"{'nn_module_stack': OrderedDict({'model.decoder': ('model.decoder', <class 'transformers.models.opt.modeling_opt.OPTDecoder'>), 'model.decoder.layers.0': ('model.decoder.layers.0', <class 'transformers.models.opt.modeling_opt.OPTDecoderLayer'>), 'model.decoder.layers.0.self_attn': ('model.decoder.layers.0.self_attn', <class 'transformers.models.opt.modeling_opt.OPTAttention'>)})}",model.decoder.layers.0.self_attn,True,0,['size_6'],[]
"[[2, 1024, 512]]",[True],True,"(2, 1024, 512)",torch.float32,model_decoder_layers_0_self_attn_q_proj_base_layer,"{'nn_module_stack': OrderedDict({'model.decoder': ('model.decoder', <class 'transformers.models.opt.modeling_opt.OPTDecoder'>), 'model.decoder.layers.0': ('model.decoder.layers.0', <class 'transformers.models.opt.modeling_opt.OPTDecoderLayer'>), 'model.decoder.layers.0.self_attn': ('model.decoder.layers.0.self_attn', <class 'transformers.models.opt.modeling_opt.OPTAttention'>), 'model.decoder.layers.0.self_attn.q_proj': ('model.decoder.layers.0.self_attn.q_proj', <class 'peft.tuners.lora.layer.Linear'>), 'model.decoder.layers.0.self_attn.q_proj.base_layer': ('model.decoder.layers.0.self_attn.q_proj.base_layer', <class 'torch.nn.modules.linear.Linear'>)})}",model.decoder.layers.0.self_attn.q_proj.base_layer,False,0,['model_decoder_layers_0_self_attn_layer_norm'],"[add_6, getattr_9]"
[],[],True,"(16, 512)",torch.float32,model_decoder_layers_0_self_attn_q_proj_lora_a_default_weight,"{'nn_module_stack': OrderedDict({'model.decoder': ('model.decoder', <class 'transformers.models.opt.modeling_opt.OPTDecoder'>), 'model.decoder.layers.0': ('model.decoder.layers.0', <class 'transformers.models.opt.modeling_opt.OPTDecoderLayer'>), 'model.decoder.layers.0.self_attn': ('model.decoder.layers.0.self_attn', <class 'transformers.models.opt.modeling_opt.OPTAttention'>), 'model.decoder.layers.0.self_attn.q_proj': ('model.decoder.layers.0.self_attn.q_proj', <class 'peft.tuners.lora.layer.Linear'>)})}",model.decoder.layers.0.self_attn.q_proj,True,0,[],[getattr_8]
"[[16, 512]]",[True],True,"(1,)",,getattr_8,"{'nn_module_stack': OrderedDict({'model.decoder': ('model.decoder', <class 'transformers.models.opt.modeling_opt.OPTDecoder'>), 'model.decoder.layers.0': ('model.decoder.layers.0', <class 'transformers.models.opt.modeling_opt.OPTDecoderLayer'>), 'model.decoder.layers.0.self_attn': ('model.decoder.layers.0.self_attn', <class 'transformers.models.opt.modeling_opt.OPTAttention'>), 'model.decoder.layers.0.self_attn.q_proj': ('model.decoder.layers.0.self_attn.q_proj', <class 'peft.tuners.lora.layer.Linear'>)})}",model.decoder.layers.0.self_attn.q_proj,True,0,['model_decoder_layers_0_self_attn_q_proj_lora_a_default_weight'],[to_4]
"[[2, 1024, 512], [1]]","[True, True]",True,"(2, 1024, 512)",torch.float32,to_4,"{'nn_module_stack': OrderedDict({'model.decoder': ('model.decoder', <class 'transformers.models.opt.modeling_opt.OPTDecoder'>), 'model.decoder.layers.0': ('model.decoder.layers.0', <class 'transformers.models.opt.modeling_opt.OPTDecoderLayer'>), 'model.decoder.layers.0.self_attn': ('model.decoder.layers.0.self_attn', <class 'transformers.models.opt.modeling_opt.OPTAttention'>), 'model.decoder.layers.0.self_attn.q_proj': ('model.decoder.layers.0.self_attn.q_proj', <class 'peft.tuners.lora.layer.Linear'>)})}",model.decoder.layers.0.self_attn.q_proj,True,0,"['model_decoder_layers_0_self_attn_layer_norm', 'getattr_8']",[model_decoder_layers_0_self_attn_q_proj_lora_dropout_default]
"[[2, 1024, 512]]",[True],True,"(2, 1024, 512)",torch.float32,model_decoder_layers_0_self_attn_q_proj_lora_dropout_default,"{'nn_module_stack': OrderedDict({'model.decoder': ('model.decoder', <class 'transformers.models.opt.modeling_opt.OPTDecoder'>), 'model.decoder.layers.0': ('model.decoder.layers.0', <class 'transformers.models.opt.modeling_opt.OPTDecoderLayer'>), 'model.decoder.layers.0.self_attn': ('model.decoder.layers.0.self_attn', <class 'transformers.models.opt.modeling_opt.OPTAttention'>), 'model.decoder.layers.0.self_attn.q_proj': ('model.decoder.layers.0.self_attn.q_proj', <class 'peft.tuners.lora.layer.Linear'>), 'model.decoder.layers.0.self_attn.q_proj.lora_dropout.default': ('model.decoder.layers.0.self_attn.q_proj.lora_dropout.default', <class 'torch.nn.modules.linear.Identity'>)})}",model.decoder.layers.0.self_attn.q_proj.lora_dropout.default,True,0,['to_4'],[model_decoder_layers_0_self_attn_q_proj_lora_a_default]
"[[2, 1024, 512]]",[True],True,"(2, 1024, 16)",torch.float32,model_decoder_layers_0_self_attn_q_proj_lora_a_default,"{'nn_module_stack': OrderedDict({'model.decoder': ('model.decoder', <class 'transformers.models.opt.modeling_opt.OPTDecoder'>), 'model.decoder.layers.0': ('model.decoder.layers.0', <class 'transformers.models.opt.modeling_opt.OPTDecoderLayer'>), 'model.decoder.layers.0.self_attn': ('model.decoder.layers.0.self_attn', <class 'transformers.models.opt.modeling_opt.OPTAttention'>), 'model.decoder.layers.0.self_attn.q_proj': ('model.decoder.layers.0.self_attn.q_proj', <class 'peft.tuners.lora.layer.Linear'>), 'model.decoder.layers.0.self_attn.q_proj.lora_A.default': ('model.decoder.layers.0.self_attn.q_proj.lora_A.default', <class 'torch.nn.modules.linear.Linear'>)})}",model.decoder.layers.0.self_attn.q_proj.lora_A.default,True,0,['model_decoder_layers_0_self_attn_q_proj_lora_dropout_default'],[model_decoder_layers_0_self_attn_q_proj_lora_b_default]
"[[2, 1024, 16]]",[True],True,"(2, 1024, 512)",torch.float32,model_decoder_layers_0_self_attn_q_proj_lora_b_default,"{'nn_module_stack': OrderedDict({'model.decoder': ('model.decoder', <class 'transformers.models.opt.modeling_opt.OPTDecoder'>), 'model.decoder.layers.0': ('model.decoder.layers.0', <class 'transformers.models.opt.modeling_opt.OPTDecoderLayer'>), 'model.decoder.layers.0.self_attn': ('model.decoder.layers.0.self_attn', <class 'transformers.models.opt.modeling_opt.OPTAttention'>), 'model.decoder.layers.0.self_attn.q_proj': ('model.decoder.layers.0.self_attn.q_proj', <class 'peft.tuners.lora.layer.Linear'>), 'model.decoder.layers.0.self_attn.q_proj.lora_B.default': ('model.decoder.layers.0.self_attn.q_proj.lora_B.default', <class 'torch.nn.modules.linear.Linear'>)})}",model.decoder.layers.0.self_attn.q_proj.lora_B.default,True,0,['model_decoder_layers_0_self_attn_q_proj_lora_a_default'],[mul_1]
"[[2, 1024, 512]]",[True],True,"(2, 1024, 512)",torch.float32,mul_1,"{'nn_module_stack': OrderedDict({'model.decoder': ('model.decoder', <class 'transformers.models.opt.modeling_opt.OPTDecoder'>), 'model.decoder.layers.0': ('model.decoder.layers.0', <class 'transformers.models.opt.modeling_opt.OPTDecoderLayer'>), 'model.decoder.layers.0.self_attn': ('model.decoder.layers.0.self_attn', <class 'transformers.models.opt.modeling_opt.OPTAttention'>), 'model.decoder.layers.0.self_attn.q_proj': ('model.decoder.layers.0.self_attn.q_proj', <class 'peft.tuners.lora.layer.Linear'>)})}",model.decoder.layers.0.self_attn.q_proj,True,0,['model_decoder_layers_0_self_attn_q_proj_lora_b_default'],[add_6]
"[[2, 1024, 512], [2, 1024, 512]]","[True, True]",True,"(2, 1024, 512)",torch.float32,add_6,"{'nn_module_stack': OrderedDict({'model.decoder': ('model.decoder', <class 'transformers.models.opt.modeling_opt.OPTDecoder'>), 'model.decoder.layers.0': ('model.decoder.layers.0', <class 'transformers.models.opt.modeling_opt.OPTDecoderLayer'>), 'model.decoder.layers.0.self_attn': ('model.decoder.layers.0.self_attn', <class 'transformers.models.opt.modeling_opt.OPTAttention'>), 'model.decoder.layers.0.self_attn.q_proj': ('model.decoder.layers.0.self_attn.q_proj', <class 'peft.tuners.lora.layer.Linear'>)})}",model.decoder.layers.0.self_attn.q_proj,True,0,"['model_decoder_layers_0_self_attn_q_proj_base_layer', 'mul_1']",[to_5]
"[[2, 1024, 512]]",[True],True,"(1,)",,getattr_9,"{'nn_module_stack': OrderedDict({'model.decoder': ('model.decoder', <class 'transformers.models.opt.modeling_opt.OPTDecoder'>), 'model.decoder.layers.0': ('model.decoder.layers.0', <class 'transformers.models.opt.modeling_opt.OPTDecoderLayer'>), 'model.decoder.layers.0.self_attn': ('model.decoder.layers.0.self_attn', <class 'transformers.models.opt.modeling_opt.OPTAttention'>), 'model.decoder.layers.0.self_attn.q_proj': ('model.decoder.layers.0.self_attn.q_proj', <class 'peft.tuners.lora.layer.Linear'>)})}",model.decoder.layers.0.self_attn.q_proj,True,0,['model_decoder_layers_0_self_attn_q_proj_base_layer'],[to_5]
"[[2, 1024, 512], [1]]","[True, True]",True,"(2, 1024, 512)",torch.float32,to_5,"{'nn_module_stack': OrderedDict({'model.decoder': ('model.decoder', <class 'transformers.models.opt.modeling_opt.OPTDecoder'>), 'model.decoder.layers.0': ('model.decoder.layers.0', <class 'transformers.models.opt.modeling_opt.OPTDecoderLayer'>), 'model.decoder.layers.0.self_attn': ('model.decoder.layers.0.self_attn', <class 'transformers.models.opt.modeling_opt.OPTAttention'>), 'model.decoder.layers.0.self_attn.q_proj': ('model.decoder.layers.0.self_attn.q_proj', <class 'peft.tuners.lora.layer.Linear'>)})}",model.decoder.layers.0.self_attn.q_proj,True,0,"['add_6', 'getattr_9']",[mul_2]
"[[2, 1024, 512]]",[True],True,"(2, 1024, 512)",torch.float32,mul_2,"{'nn_module_stack': OrderedDict({'model.decoder': ('model.decoder', <class 'transformers.models.opt.modeling_opt.OPTDecoder'>), 'model.decoder.layers.0': ('model.decoder.layers.0', <class 'transformers.models.opt.modeling_opt.OPTDecoderLayer'>), 'model.decoder.layers.0.self_attn': ('model.decoder.layers.0.self_attn', <class 'transformers.models.opt.modeling_opt.OPTAttention'>)})}",model.decoder.layers.0.self_attn,True,0,['to_5'],[view_4]
"[[2, 1024, 512]]",[True],True,"(2, 1024, 512)",torch.float32,model_decoder_layers_0_self_attn_k_proj_base_layer,"{'nn_module_stack': OrderedDict({'model.decoder': ('model.decoder', <class 'transformers.models.opt.modeling_opt.OPTDecoder'>), 'model.decoder.layers.0': ('model.decoder.layers.0', <class 'transformers.models.opt.modeling_opt.OPTDecoderLayer'>), 'model.decoder.layers.0.self_attn': ('model.decoder.layers.0.self_attn', <class 'transformers.models.opt.modeling_opt.OPTAttention'>), 'model.decoder.layers.0.self_attn.k_proj': ('model.decoder.layers.0.self_attn.k_proj', <class 'peft.tuners.lora.layer.Linear'>), 'model.decoder.layers.0.self_attn.k_proj.base_layer': ('model.decoder.layers.0.self_attn.k_proj.base_layer', <class 'torch.nn.modules.linear.Linear'>)})}",model.decoder.layers.0.self_attn.k_proj.base_layer,False,0,['model_decoder_layers_0_self_attn_layer_norm'],"[add_7, getattr_11]"
[],[],True,"(16, 512)",torch.float32,model_decoder_layers_0_self_attn_k_proj_lora_a_default_weight,"{'nn_module_stack': OrderedDict({'model.decoder': ('model.decoder', <class 'transformers.models.opt.modeling_opt.OPTDecoder'>), 'model.decoder.layers.0': ('model.decoder.layers.0', <class 'transformers.models.opt.modeling_opt.OPTDecoderLayer'>), 'model.decoder.layers.0.self_attn': ('model.decoder.layers.0.self_attn', <class 'transformers.models.opt.modeling_opt.OPTAttention'>), 'model.decoder.layers.0.self_attn.k_proj': ('model.decoder.layers.0.self_attn.k_proj', <class 'peft.tuners.lora.layer.Linear'>)})}",model.decoder.layers.0.self_attn.k_proj,True,0,[],[getattr_10]
"[[16, 512]]",[True],True,"(1,)",,getattr_10,"{'nn_module_stack': OrderedDict({'model.decoder': ('model.decoder', <class 'transformers.models.opt.modeling_opt.OPTDecoder'>), 'model.decoder.layers.0': ('model.decoder.layers.0', <class 'transformers.models.opt.modeling_opt.OPTDecoderLayer'>), 'model.decoder.layers.0.self_attn': ('model.decoder.layers.0.self_attn', <class 'transformers.models.opt.modeling_opt.OPTAttention'>), 'model.decoder.layers.0.self_attn.k_proj': ('model.decoder.layers.0.self_attn.k_proj', <class 'peft.tuners.lora.layer.Linear'>)})}",model.decoder.layers.0.self_attn.k_proj,True,0,['model_decoder_layers_0_self_attn_k_proj_lora_a_default_weight'],[to_6]
"[[2, 1024, 512], [1]]","[True, True]",True,"(2, 1024, 512)",torch.float32,to_6,"{'nn_module_stack': OrderedDict({'model.decoder': ('model.decoder', <class 'transformers.models.opt.modeling_opt.OPTDecoder'>), 'model.decoder.layers.0': ('model.decoder.layers.0', <class 'transformers.models.opt.modeling_opt.OPTDecoderLayer'>), 'model.decoder.layers.0.self_attn': ('model.decoder.layers.0.self_attn', <class 'transformers.models.opt.modeling_opt.OPTAttention'>), 'model.decoder.layers.0.self_attn.k_proj': ('model.decoder.layers.0.self_attn.k_proj', <class 'peft.tuners.lora.layer.Linear'>)})}",model.decoder.layers.0.self_attn.k_proj,True,0,"['model_decoder_layers_0_self_attn_layer_norm', 'getattr_10']",[model_decoder_layers_0_self_attn_k_proj_lora_dropout_default]
"[[2, 1024, 512]]",[True],True,"(2, 1024, 512)",torch.float32,model_decoder_layers_0_self_attn_k_proj_lora_dropout_default,"{'nn_module_stack': OrderedDict({'model.decoder': ('model.decoder', <class 'transformers.models.opt.modeling_opt.OPTDecoder'>), 'model.decoder.layers.0': ('model.decoder.layers.0', <class 'transformers.models.opt.modeling_opt.OPTDecoderLayer'>), 'model.decoder.layers.0.self_attn': ('model.decoder.layers.0.self_attn', <class 'transformers.models.opt.modeling_opt.OPTAttention'>), 'model.decoder.layers.0.self_attn.k_proj': ('model.decoder.layers.0.self_attn.k_proj', <class 'peft.tuners.lora.layer.Linear'>), 'model.decoder.layers.0.self_attn.k_proj.lora_dropout.default': ('model.decoder.layers.0.self_attn.k_proj.lora_dropout.default', <class 'torch.nn.modules.linear.Identity'>)})}",model.decoder.layers.0.self_attn.k_proj.lora_dropout.default,True,0,['to_6'],[model_decoder_layers_0_self_attn_k_proj_lora_a_default]
"[[2, 1024, 512]]",[True],True,"(2, 1024, 16)",torch.float32,model_decoder_layers_0_self_attn_k_proj_lora_a_default,"{'nn_module_stack': OrderedDict({'model.decoder': ('model.decoder', <class 'transformers.models.opt.modeling_opt.OPTDecoder'>), 'model.decoder.layers.0': ('model.decoder.layers.0', <class 'transformers.models.opt.modeling_opt.OPTDecoderLayer'>), 'model.decoder.layers.0.self_attn': ('model.decoder.layers.0.self_attn', <class 'transformers.models.opt.modeling_opt.OPTAttention'>), 'model.decoder.layers.0.self_attn.k_proj': ('model.decoder.layers.0.self_attn.k_proj', <class 'peft.tuners.lora.layer.Linear'>), 'model.decoder.layers.0.self_attn.k_proj.lora_A.default': ('model.decoder.layers.0.self_attn.k_proj.lora_A.default', <class 'torch.nn.modules.linear.Linear'>)})}",model.decoder.layers.0.self_attn.k_proj.lora_A.default,True,0,['model_decoder_layers_0_self_attn_k_proj_lora_dropout_default'],[model_decoder_layers_0_self_attn_k_proj_lora_b_default]
"[[2, 1024, 16]]",[True],True,"(2, 1024, 512)",torch.float32,model_decoder_layers_0_self_attn_k_proj_lora_b_default,"{'nn_module_stack': OrderedDict({'model.decoder': ('model.decoder', <class 'transformers.models.opt.modeling_opt.OPTDecoder'>), 'model.decoder.layers.0': ('model.decoder.layers.0', <class 'transformers.models.opt.modeling_opt.OPTDecoderLayer'>), 'model.decoder.layers.0.self_attn': ('model.decoder.layers.0.self_attn', <class 'transformers.models.opt.modeling_opt.OPTAttention'>), 'model.decoder.layers.0.self_attn.k_proj': ('model.decoder.layers.0.self_attn.k_proj', <class 'peft.tuners.lora.layer.Linear'>), 'model.decoder.layers.0.self_attn.k_proj.lora_B.default': ('model.decoder.layers.0.self_attn.k_proj.lora_B.default', <class 'torch.nn.modules.linear.Linear'>)})}",model.decoder.layers.0.self_attn.k_proj.lora_B.default,True,0,['model_decoder_layers_0_self_attn_k_proj_lora_a_default'],[mul_3]
"[[2, 1024, 512]]",[True],True,"(2, 1024, 512)",torch.float32,mul_3,"{'nn_module_stack': OrderedDict({'model.decoder': ('model.decoder', <class 'transformers.models.opt.modeling_opt.OPTDecoder'>), 'model.decoder.layers.0': ('model.decoder.layers.0', <class 'transformers.models.opt.modeling_opt.OPTDecoderLayer'>), 'model.decoder.layers.0.self_attn': ('model.decoder.layers.0.self_attn', <class 'transformers.models.opt.modeling_opt.OPTAttention'>), 'model.decoder.layers.0.self_attn.k_proj': ('model.decoder.layers.0.self_attn.k_proj', <class 'peft.tuners.lora.layer.Linear'>)})}",model.decoder.layers.0.self_attn.k_proj,True,0,['model_decoder_layers_0_self_attn_k_proj_lora_b_default'],[add_7]
"[[2, 1024, 512], [2, 1024, 512]]","[True, True]",True,"(2, 1024, 512)",torch.float32,add_7,"{'nn_module_stack': OrderedDict({'model.decoder': ('model.decoder', <class 'transformers.models.opt.modeling_opt.OPTDecoder'>), 'model.decoder.layers.0': ('model.decoder.layers.0', <class 'transformers.models.opt.modeling_opt.OPTDecoderLayer'>), 'model.decoder.layers.0.self_attn': ('model.decoder.layers.0.self_attn', <class 'transformers.models.opt.modeling_opt.OPTAttention'>), 'model.decoder.layers.0.self_attn.k_proj': ('model.decoder.layers.0.self_attn.k_proj', <class 'peft.tuners.lora.layer.Linear'>)})}",model.decoder.layers.0.self_attn.k_proj,True,0,"['model_decoder_layers_0_self_attn_k_proj_base_layer', 'mul_3']",[to_7]
"[[2, 1024, 512]]",[True],True,"(1,)",,getattr_11,"{'nn_module_stack': OrderedDict({'model.decoder': ('model.decoder', <class 'transformers.models.opt.modeling_opt.OPTDecoder'>), 'model.decoder.layers.0': ('model.decoder.layers.0', <class 'transformers.models.opt.modeling_opt.OPTDecoderLayer'>), 'model.decoder.layers.0.self_attn': ('model.decoder.layers.0.self_attn', <class 'transformers.models.opt.modeling_opt.OPTAttention'>), 'model.decoder.layers.0.self_attn.k_proj': ('model.decoder.layers.0.self_attn.k_proj', <class 'peft.tuners.lora.layer.Linear'>)})}",model.decoder.layers.0.self_attn.k_proj,True,0,['model_decoder_layers_0_self_attn_k_proj_base_layer'],[to_7]
"[[2, 1024, 512], [1]]","[True, True]",True,"(2, 1024, 512)",torch.float32,to_7,"{'nn_module_stack': OrderedDict({'model.decoder': ('model.decoder', <class 'transformers.models.opt.modeling_opt.OPTDecoder'>), 'model.decoder.layers.0': ('model.decoder.layers.0', <class 'transformers.models.opt.modeling_opt.OPTDecoderLayer'>), 'model.decoder.layers.0.self_attn': ('model.decoder.layers.0.self_attn', <class 'transformers.models.opt.modeling_opt.OPTAttention'>), 'model.decoder.layers.0.self_attn.k_proj': ('model.decoder.layers.0.self_attn.k_proj', <class 'peft.tuners.lora.layer.Linear'>)})}",model.decoder.layers.0.self_attn.k_proj,True,0,"['add_7', 'getattr_11']",[view_2]
"[[2, 1024, 512], [1]]","[True, True]",True,"(2, 1024, 8, 64)",torch.float32,view_2,"{'nn_module_stack': OrderedDict({'model.decoder': ('model.decoder', <class 'transformers.models.opt.modeling_opt.OPTDecoder'>), 'model.decoder.layers.0': ('model.decoder.layers.0', <class 'transformers.models.opt.modeling_opt.OPTDecoderLayer'>), 'model.decoder.layers.0.self_attn': ('model.decoder.layers.0.self_attn', <class 'transformers.models.opt.modeling_opt.OPTAttention'>)})}",model.decoder.layers.0.self_attn,True,0,"['to_7', 'getitem_11']",[transpose]
"[[2, 1024, 8, 64]]",[True],False,"(2, 8, 1024, 64)",torch.float32,transpose,"{'nn_module_stack': OrderedDict({'model.decoder': ('model.decoder', <class 'transformers.models.opt.modeling_opt.OPTDecoder'>), 'model.decoder.layers.0': ('model.decoder.layers.0', <class 'transformers.models.opt.modeling_opt.OPTDecoderLayer'>), 'model.decoder.layers.0.self_attn': ('model.decoder.layers.0.self_attn', <class 'transformers.models.opt.modeling_opt.OPTAttention'>)})}",model.decoder.layers.0.self_attn,True,0,['view_2'],[contiguous]
"[[2, 8, 1024, 64]]",[False],True,"(2, 8, 1024, 64)",torch.float32,contiguous,"{'nn_module_stack': OrderedDict({'model.decoder': ('model.decoder', <class 'transformers.models.opt.modeling_opt.OPTDecoder'>), 'model.decoder.layers.0': ('model.decoder.layers.0', <class 'transformers.models.opt.modeling_opt.OPTDecoderLayer'>), 'model.decoder.layers.0.self_attn': ('model.decoder.layers.0.self_attn', <class 'transformers.models.opt.modeling_opt.OPTAttention'>)})}",model.decoder.layers.0.self_attn,True,0,['transpose'],"[view_6, output]"
"[[2, 1024, 512]]",[True],True,"(2, 1024, 512)",torch.float32,model_decoder_layers_0_self_attn_v_proj_base_layer,"{'nn_module_stack': OrderedDict({'model.decoder': ('model.decoder', <class 'transformers.models.opt.modeling_opt.OPTDecoder'>), 'model.decoder.layers.0': ('model.decoder.layers.0', <class 'transformers.models.opt.modeling_opt.OPTDecoderLayer'>), 'model.decoder.layers.0.self_attn': ('model.decoder.layers.0.self_attn', <class 'transformers.models.opt.modeling_opt.OPTAttention'>), 'model.decoder.layers.0.self_attn.v_proj': ('model.decoder.layers.0.self_attn.v_proj', <class 'peft.tuners.lora.layer.Linear'>), 'model.decoder.layers.0.self_attn.v_proj.base_layer': ('model.decoder.layers.0.self_attn.v_proj.base_layer', <class 'torch.nn.modules.linear.Linear'>)})}",model.decoder.layers.0.self_attn.v_proj.base_layer,False,0,['model_decoder_layers_0_self_attn_layer_norm'],"[add_8, getattr_13]"
[],[],True,"(16, 512)",torch.float32,model_decoder_layers_0_self_attn_v_proj_lora_a_default_weight,"{'nn_module_stack': OrderedDict({'model.decoder': ('model.decoder', <class 'transformers.models.opt.modeling_opt.OPTDecoder'>), 'model.decoder.layers.0': ('model.decoder.layers.0', <class 'transformers.models.opt.modeling_opt.OPTDecoderLayer'>), 'model.decoder.layers.0.self_attn': ('model.decoder.layers.0.self_attn', <class 'transformers.models.opt.modeling_opt.OPTAttention'>), 'model.decoder.layers.0.self_attn.v_proj': ('model.decoder.layers.0.self_attn.v_proj', <class 'peft.tuners.lora.layer.Linear'>)})}",model.decoder.layers.0.self_attn.v_proj,True,0,[],[getattr_12]
"[[16, 512]]",[True],True,"(1,)",,getattr_12,"{'nn_module_stack': OrderedDict({'model.decoder': ('model.decoder', <class 'transformers.models.opt.modeling_opt.OPTDecoder'>), 'model.decoder.layers.0': ('model.decoder.layers.0', <class 'transformers.models.opt.modeling_opt.OPTDecoderLayer'>), 'model.decoder.layers.0.self_attn': ('model.decoder.layers.0.self_attn', <class 'transformers.models.opt.modeling_opt.OPTAttention'>), 'model.decoder.layers.0.self_attn.v_proj': ('model.decoder.layers.0.self_attn.v_proj', <class 'peft.tuners.lora.layer.Linear'>)})}",model.decoder.layers.0.self_attn.v_proj,True,0,['model_decoder_layers_0_self_attn_v_proj_lora_a_default_weight'],[to_8]
"[[2, 1024, 512], [1]]","[True, True]",True,"(2, 1024, 512)",torch.float32,to_8,"{'nn_module_stack': OrderedDict({'model.decoder': ('model.decoder', <class 'transformers.models.opt.modeling_opt.OPTDecoder'>), 'model.decoder.layers.0': ('model.decoder.layers.0', <class 'transformers.models.opt.modeling_opt.OPTDecoderLayer'>), 'model.decoder.layers.0.self_attn': ('model.decoder.layers.0.self_attn', <class 'transformers.models.opt.modeling_opt.OPTAttention'>), 'model.decoder.layers.0.self_attn.v_proj': ('model.decoder.layers.0.self_attn.v_proj', <class 'peft.tuners.lora.layer.Linear'>)})}",model.decoder.layers.0.self_attn.v_proj,True,0,"['model_decoder_layers_0_self_attn_layer_norm', 'getattr_12']",[model_decoder_layers_0_self_attn_v_proj_lora_dropout_default]
"[[2, 1024, 512]]",[True],True,"(2, 1024, 512)",torch.float32,model_decoder_layers_0_self_attn_v_proj_lora_dropout_default,"{'nn_module_stack': OrderedDict({'model.decoder': ('model.decoder', <class 'transformers.models.opt.modeling_opt.OPTDecoder'>), 'model.decoder.layers.0': ('model.decoder.layers.0', <class 'transformers.models.opt.modeling_opt.OPTDecoderLayer'>), 'model.decoder.layers.0.self_attn': ('model.decoder.layers.0.self_attn', <class 'transformers.models.opt.modeling_opt.OPTAttention'>), 'model.decoder.layers.0.self_attn.v_proj': ('model.decoder.layers.0.self_attn.v_proj', <class 'peft.tuners.lora.layer.Linear'>), 'model.decoder.layers.0.self_attn.v_proj.lora_dropout.default': ('model.decoder.layers.0.self_attn.v_proj.lora_dropout.default', <class 'torch.nn.modules.linear.Identity'>)})}",model.decoder.layers.0.self_attn.v_proj.lora_dropout.default,True,0,['to_8'],[model_decoder_layers_0_self_attn_v_proj_lora_a_default]
"[[2, 1024, 512]]",[True],True,"(2, 1024, 16)",torch.float32,model_decoder_layers_0_self_attn_v_proj_lora_a_default,"{'nn_module_stack': OrderedDict({'model.decoder': ('model.decoder', <class 'transformers.models.opt.modeling_opt.OPTDecoder'>), 'model.decoder.layers.0': ('model.decoder.layers.0', <class 'transformers.models.opt.modeling_opt.OPTDecoderLayer'>), 'model.decoder.layers.0.self_attn': ('model.decoder.layers.0.self_attn', <class 'transformers.models.opt.modeling_opt.OPTAttention'>), 'model.decoder.layers.0.self_attn.v_proj': ('model.decoder.layers.0.self_attn.v_proj', <class 'peft.tuners.lora.layer.Linear'>), 'model.decoder.layers.0.self_attn.v_proj.lora_A.default': ('model.decoder.layers.0.self_attn.v_proj.lora_A.default', <class 'torch.nn.modules.linear.Linear'>)})}",model.decoder.layers.0.self_attn.v_proj.lora_A.default,True,0,['model_decoder_layers_0_self_attn_v_proj_lora_dropout_default'],[model_decoder_layers_0_self_attn_v_proj_lora_b_default]
"[[2, 1024, 16]]",[True],True,"(2, 1024, 512)",torch.float32,model_decoder_layers_0_self_attn_v_proj_lora_b_default,"{'nn_module_stack': OrderedDict({'model.decoder': ('model.decoder', <class 'transformers.models.opt.modeling_opt.OPTDecoder'>), 'model.decoder.layers.0': ('model.decoder.layers.0', <class 'transformers.models.opt.modeling_opt.OPTDecoderLayer'>), 'model.decoder.layers.0.self_attn': ('model.decoder.layers.0.self_attn', <class 'transformers.models.opt.modeling_opt.OPTAttention'>), 'model.decoder.layers.0.self_attn.v_proj': ('model.decoder.layers.0.self_attn.v_proj', <class 'peft.tuners.lora.layer.Linear'>), 'model.decoder.layers.0.self_attn.v_proj.lora_B.default': ('model.decoder.layers.0.self_attn.v_proj.lora_B.default', <class 'torch.nn.modules.linear.Linear'>)})}",model.decoder.layers.0.self_attn.v_proj.lora_B.default,True,0,['model_decoder_layers_0_self_attn_v_proj_lora_a_default'],[mul_4]
"[[2, 1024, 512]]",[True],True,"(2, 1024, 512)",torch.float32,mul_4,"{'nn_module_stack': OrderedDict({'model.decoder': ('model.decoder', <class 'transformers.models.opt.modeling_opt.OPTDecoder'>), 'model.decoder.layers.0': ('model.decoder.layers.0', <class 'transformers.models.opt.modeling_opt.OPTDecoderLayer'>), 'model.decoder.layers.0.self_attn': ('model.decoder.layers.0.self_attn', <class 'transformers.models.opt.modeling_opt.OPTAttention'>), 'model.decoder.layers.0.self_attn.v_proj': ('model.decoder.layers.0.self_attn.v_proj', <class 'peft.tuners.lora.layer.Linear'>)})}",model.decoder.layers.0.self_attn.v_proj,True,0,['model_decoder_layers_0_self_attn_v_proj_lora_b_default'],[add_8]
"[[2, 1024, 512], [2, 1024, 512]]","[True, True]",True,"(2, 1024, 512)",torch.float32,add_8,"{'nn_module_stack': OrderedDict({'model.decoder': ('model.decoder', <class 'transformers.models.opt.modeling_opt.OPTDecoder'>), 'model.decoder.layers.0': ('model.decoder.layers.0', <class 'transformers.models.opt.modeling_opt.OPTDecoderLayer'>), 'model.decoder.layers.0.self_attn': ('model.decoder.layers.0.self_attn', <class 'transformers.models.opt.modeling_opt.OPTAttention'>), 'model.decoder.layers.0.self_attn.v_proj': ('model.decoder.layers.0.self_attn.v_proj', <class 'peft.tuners.lora.layer.Linear'>)})}",model.decoder.layers.0.self_attn.v_proj,True,0,"['model_decoder_layers_0_self_attn_v_proj_base_layer', 'mul_4']",[to_9]
"[[2, 1024, 512]]",[True],True,"(1,)",,getattr_13,"{'nn_module_stack': OrderedDict({'model.decoder': ('model.decoder', <class 'transformers.models.opt.modeling_opt.OPTDecoder'>), 'model.decoder.layers.0': ('model.decoder.layers.0', <class 'transformers.models.opt.modeling_opt.OPTDecoderLayer'>), 'model.decoder.layers.0.self_attn': ('model.decoder.layers.0.self_attn', <class 'transformers.models.opt.modeling_opt.OPTAttention'>), 'model.decoder.layers.0.self_attn.v_proj': ('model.decoder.layers.0.self_attn.v_proj', <class 'peft.tuners.lora.layer.Linear'>)})}",model.decoder.layers.0.self_attn.v_proj,True,0,['model_decoder_layers_0_self_attn_v_proj_base_layer'],[to_9]
"[[2, 1024, 512], [1]]","[True, True]",True,"(2, 1024, 512)",torch.float32,to_9,"{'nn_module_stack': OrderedDict({'model.decoder': ('model.decoder', <class 'transformers.models.opt.modeling_opt.OPTDecoder'>), 'model.decoder.layers.0': ('model.decoder.layers.0', <class 'transformers.models.opt.modeling_opt.OPTDecoderLayer'>), 'model.decoder.layers.0.self_attn': ('model.decoder.layers.0.self_attn', <class 'transformers.models.opt.modeling_opt.OPTAttention'>), 'model.decoder.layers.0.self_attn.v_proj': ('model.decoder.layers.0.self_attn.v_proj', <class 'peft.tuners.lora.layer.Linear'>)})}",model.decoder.layers.0.self_attn.v_proj,True,0,"['add_8', 'getattr_13']",[view_3]
"[[2, 1024, 512], [1]]","[True, True]",True,"(2, 1024, 8, 64)",torch.float32,view_3,"{'nn_module_stack': OrderedDict({'model.decoder': ('model.decoder', <class 'transformers.models.opt.modeling_opt.OPTDecoder'>), 'model.decoder.layers.0': ('model.decoder.layers.0', <class 'transformers.models.opt.modeling_opt.OPTDecoderLayer'>), 'model.decoder.layers.0.self_attn': ('model.decoder.layers.0.self_attn', <class 'transformers.models.opt.modeling_opt.OPTAttention'>)})}",model.decoder.layers.0.self_attn,True,0,"['to_9', 'getitem_11']",[transpose_1]
"[[2, 1024, 8, 64]]",[True],False,"(2, 8, 1024, 64)",torch.float32,transpose_1,"{'nn_module_stack': OrderedDict({'model.decoder': ('model.decoder', <class 'transformers.models.opt.modeling_opt.OPTDecoder'>), 'model.decoder.layers.0': ('model.decoder.layers.0', <class 'transformers.models.opt.modeling_opt.OPTDecoderLayer'>), 'model.decoder.layers.0.self_attn': ('model.decoder.layers.0.self_attn', <class 'transformers.models.opt.modeling_opt.OPTAttention'>)})}",model.decoder.layers.0.self_attn,True,0,['view_3'],[contiguous_1]
"[[2, 8, 1024, 64]]",[False],True,"(2, 8, 1024, 64)",torch.float32,contiguous_1,"{'nn_module_stack': OrderedDict({'model.decoder': ('model.decoder', <class 'transformers.models.opt.modeling_opt.OPTDecoder'>), 'model.decoder.layers.0': ('model.decoder.layers.0', <class 'transformers.models.opt.modeling_opt.OPTDecoderLayer'>), 'model.decoder.layers.0.self_attn': ('model.decoder.layers.0.self_attn', <class 'transformers.models.opt.modeling_opt.OPTAttention'>)})}",model.decoder.layers.0.self_attn,True,0,['transpose_1'],"[view_7, output]"
[[1]],[True],True,"(1,)",,mul_5,"{'nn_module_stack': OrderedDict({'model.decoder': ('model.decoder', <class 'transformers.models.opt.modeling_opt.OPTDecoder'>), 'model.decoder.layers.0': ('model.decoder.layers.0', <class 'transformers.models.opt.modeling_opt.OPTDecoderLayer'>), 'model.decoder.layers.0.self_attn': ('model.decoder.layers.0.self_attn', <class 'transformers.models.opt.modeling_opt.OPTAttention'>)})}",model.decoder.layers.0.self_attn,True,0,['getitem_11'],"[view_5, view_6, view_7]"
"[[2, 1024, 512], [1], [1]]","[True, True, True]",True,"(2, 1024, 8, 64)",torch.float32,view_4,"{'nn_module_stack': OrderedDict({'model.decoder': ('model.decoder', <class 'transformers.models.opt.modeling_opt.OPTDecoder'>), 'model.decoder.layers.0': ('model.decoder.layers.0', <class 'transformers.models.opt.modeling_opt.OPTDecoderLayer'>), 'model.decoder.layers.0.self_attn': ('model.decoder.layers.0.self_attn', <class 'transformers.models.opt.modeling_opt.OPTAttention'>)})}",model.decoder.layers.0.self_attn,True,0,"['mul_2', 'getitem_11', 'getitem_12']",[transpose_2]
"[[2, 1024, 8, 64]]",[True],False,"(2, 8, 1024, 64)",torch.float32,transpose_2,"{'nn_module_stack': OrderedDict({'model.decoder': ('model.decoder', <class 'transformers.models.opt.modeling_opt.OPTDecoder'>), 'model.decoder.layers.0': ('model.decoder.layers.0', <class 'transformers.models.opt.modeling_opt.OPTDecoderLayer'>), 'model.decoder.layers.0.self_attn': ('model.decoder.layers.0.self_attn', <class 'transformers.models.opt.modeling_opt.OPTAttention'>)})}",model.decoder.layers.0.self_attn,True,0,['view_4'],[contiguous_2]
"[[2, 8, 1024, 64]]",[False],True,"(2, 8, 1024, 64)",torch.float32,contiguous_2,"{'nn_module_stack': OrderedDict({'model.decoder': ('model.decoder', <class 'transformers.models.opt.modeling_opt.OPTDecoder'>), 'model.decoder.layers.0': ('model.decoder.layers.0', <class 'transformers.models.opt.modeling_opt.OPTDecoderLayer'>), 'model.decoder.layers.0.self_attn': ('model.decoder.layers.0.self_attn', <class 'transformers.models.opt.modeling_opt.OPTAttention'>)})}",model.decoder.layers.0.self_attn,True,0,['transpose_2'],[view_5]
"[[2, 8, 1024, 64], [1]]","[True, True]",True,"(16, 1024, 64)",torch.float32,view_5,"{'nn_module_stack': OrderedDict({'model.decoder': ('model.decoder', <class 'transformers.models.opt.modeling_opt.OPTDecoder'>), 'model.decoder.layers.0': ('model.decoder.layers.0', <class 'transformers.models.opt.modeling_opt.OPTDecoderLayer'>), 'model.decoder.layers.0.self_attn': ('model.decoder.layers.0.self_attn', <class 'transformers.models.opt.modeling_opt.OPTAttention'>)})}",model.decoder.layers.0.self_attn,True,0,"['contiguous_2', 'mul_5']",[bmm]
"[[2, 8, 1024, 64], [1]]","[True, True]",True,"(16, 1024, 64)",torch.float32,view_6,"{'nn_module_stack': OrderedDict({'model.decoder': ('model.decoder', <class 'transformers.models.opt.modeling_opt.OPTDecoder'>), 'model.decoder.layers.0': ('model.decoder.layers.0', <class 'transformers.models.opt.modeling_opt.OPTDecoderLayer'>), 'model.decoder.layers.0.self_attn': ('model.decoder.layers.0.self_attn', <class 'transformers.models.opt.modeling_opt.OPTAttention'>)})}",model.decoder.layers.0.self_attn,True,0,"['contiguous', 'mul_5']","[size_7, transpose_3]"
"[[2, 8, 1024, 64], [1]]","[True, True]",True,"(16, 1024, 64)",torch.float32,view_7,"{'nn_module_stack': OrderedDict({'model.decoder': ('model.decoder', <class 'transformers.models.opt.modeling_opt.OPTDecoder'>), 'model.decoder.layers.0': ('model.decoder.layers.0', <class 'transformers.models.opt.modeling_opt.OPTDecoderLayer'>), 'model.decoder.layers.0.self_attn': ('model.decoder.layers.0.self_attn', <class 'transformers.models.opt.modeling_opt.OPTAttention'>)})}",model.decoder.layers.0.self_attn,True,0,"['contiguous_1', 'mul_5']",[bmm_1]
"[[16, 1024, 64]]",[True],True,"(1,)",,size_7,"{'nn_module_stack': OrderedDict({'model.decoder': ('model.decoder', <class 'transformers.models.opt.modeling_opt.OPTDecoder'>), 'model.decoder.layers.0': ('model.decoder.layers.0', <class 'transformers.models.opt.modeling_opt.OPTDecoderLayer'>), 'model.decoder.layers.0.self_attn': ('model.decoder.layers.0.self_attn', <class 'transformers.models.opt.modeling_opt.OPTAttention'>)})}",model.decoder.layers.0.self_attn,True,0,['view_6'],"[ne, ne_1, view_8, view_9]"
"[[16, 1024, 64]]",[True],False,"(16, 64, 1024)",torch.float32,transpose_3,"{'nn_module_stack': OrderedDict({'model.decoder': ('model.decoder', <class 'transformers.models.opt.modeling_opt.OPTDecoder'>), 'model.decoder.layers.0': ('model.decoder.layers.0', <class 'transformers.models.opt.modeling_opt.OPTDecoderLayer'>), 'model.decoder.layers.0.self_attn': ('model.decoder.layers.0.self_attn', <class 'transformers.models.opt.modeling_opt.OPTAttention'>)})}",model.decoder.layers.0.self_attn,True,0,['view_6'],[bmm]
"[[16, 1024, 64], [16, 64, 1024]]","[True, False]",True,"(16, 1024, 1024)",torch.float32,bmm,"{'nn_module_stack': OrderedDict({'model.decoder': ('model.decoder', <class 'transformers.models.opt.modeling_opt.OPTDecoder'>), 'model.decoder.layers.0': ('model.decoder.layers.0', <class 'transformers.models.opt.modeling_opt.OPTDecoderLayer'>), 'model.decoder.layers.0.self_attn': ('model.decoder.layers.0.self_attn', <class 'transformers.models.opt.modeling_opt.OPTAttention'>)})}",model.decoder.layers.0.self_attn,True,0,"['view_5', 'transpose_3']","[size_8, view_8]"
"[[16, 1024, 1024]]",[True],True,"(1,)",,size_8,"{'nn_module_stack': OrderedDict({'model.decoder': ('model.decoder', <class 'transformers.models.opt.modeling_opt.OPTDecoder'>), 'model.decoder.layers.0': ('model.decoder.layers.0', <class 'transformers.models.opt.modeling_opt.OPTDecoderLayer'>), 'model.decoder.layers.0.self_attn': ('model.decoder.layers.0.self_attn', <class 'transformers.models.opt.modeling_opt.OPTAttention'>)})}",model.decoder.layers.0.self_attn,True,0,['bmm'],[ne]
[[1]],[True],True,"(1,)",,mul_6,"{'nn_module_stack': OrderedDict({'model.decoder': ('model.decoder', <class 'transformers.models.opt.modeling_opt.OPTDecoder'>), 'model.decoder.layers.0': ('model.decoder.layers.0', <class 'transformers.models.opt.modeling_opt.OPTDecoderLayer'>), 'model.decoder.layers.0.self_attn': ('model.decoder.layers.0.self_attn', <class 'transformers.models.opt.modeling_opt.OPTAttention'>)})}",model.decoder.layers.0.self_attn,True,0,['getitem_11'],[ne]
"[[1], [1], [1], [1]]","[True, True, True, True]",True,"(1,)",,ne,"{'nn_module_stack': OrderedDict({'model.decoder': ('model.decoder', <class 'transformers.models.opt.modeling_opt.OPTDecoder'>), 'model.decoder.layers.0': ('model.decoder.layers.0', <class 'transformers.models.opt.modeling_opt.OPTDecoderLayer'>), 'model.decoder.layers.0.self_attn': ('model.decoder.layers.0.self_attn', <class 'transformers.models.opt.modeling_opt.OPTAttention'>)})}",model.decoder.layers.0.self_attn,True,0,"['size_8', 'mul_6', 'getitem_12', 'size_7']",[]
"[[2, 1, 1024, 1024]]",[True],True,"(1,)",,size_9,"{'nn_module_stack': OrderedDict({'model.decoder': ('model.decoder', <class 'transformers.models.opt.modeling_opt.OPTDecoder'>), 'model.decoder.layers.0': ('model.decoder.layers.0', <class 'transformers.models.opt.modeling_opt.OPTDecoderLayer'>), 'model.decoder.layers.0.self_attn': ('model.decoder.layers.0.self_attn', <class 'transformers.models.opt.modeling_opt.OPTAttention'>)})}",model.decoder.layers.0.self_attn,True,0,['masked_fill_1'],[ne_1]
"[[1], [1], [1], [1]]","[True, True, True, True]",True,"(1,)",,ne_1,"{'nn_module_stack': OrderedDict({'model.decoder': ('model.decoder', <class 'transformers.models.opt.modeling_opt.OPTDecoder'>), 'model.decoder.layers.0': ('model.decoder.layers.0', <class 'transformers.models.opt.modeling_opt.OPTDecoderLayer'>), 'model.decoder.layers.0.self_attn': ('model.decoder.layers.0.self_attn', <class 'transformers.models.opt.modeling_opt.OPTAttention'>)})}",model.decoder.layers.0.self_attn,True,0,"['size_9', 'getitem_11', 'getitem_12', 'size_7']",[]
"[[16, 1024, 1024], [1], [1], [1]]","[True, True, True, True]",True,"(2, 8, 1024, 1024)",torch.float32,view_8,"{'nn_module_stack': OrderedDict({'model.decoder': ('model.decoder', <class 'transformers.models.opt.modeling_opt.OPTDecoder'>), 'model.decoder.layers.0': ('model.decoder.layers.0', <class 'transformers.models.opt.modeling_opt.OPTDecoderLayer'>), 'model.decoder.layers.0.self_attn': ('model.decoder.layers.0.self_attn', <class 'transformers.models.opt.modeling_opt.OPTAttention'>)})}",model.decoder.layers.0.self_attn,True,0,"['bmm', 'getitem_11', 'getitem_12', 'size_7']",[add_9]
"[[2, 8, 1024, 1024], [2, 1, 1024, 1024]]","[True, True]",True,"(2, 8, 1024, 1024)",torch.float32,add_9,"{'nn_module_stack': OrderedDict({'model.decoder': ('model.decoder', <class 'transformers.models.opt.modeling_opt.OPTDecoder'>), 'model.decoder.layers.0': ('model.decoder.layers.0', <class 'transformers.models.opt.modeling_opt.OPTDecoderLayer'>), 'model.decoder.layers.0.self_attn': ('model.decoder.layers.0.self_attn', <class 'transformers.models.opt.modeling_opt.OPTAttention'>)})}",model.decoder.layers.0.self_attn,True,0,"['view_8', 'masked_fill_1']","[getattr_14, getattr_16, max_1]"
"[[2, 8, 1024, 1024]]",[True],True,"(1,)",,getattr_14,"{'nn_module_stack': OrderedDict({'model.decoder': ('model.decoder', <class 'transformers.models.opt.modeling_opt.OPTDecoder'>), 'model.decoder.layers.0': ('model.decoder.layers.0', <class 'transformers.models.opt.modeling_opt.OPTDecoderLayer'>), 'model.decoder.layers.0.self_attn': ('model.decoder.layers.0.self_attn', <class 'transformers.models.opt.modeling_opt.OPTAttention'>)})}",model.decoder.layers.0.self_attn,True,0,['add_9'],[finfo_3]
[[1]],[True],True,"(1,)",,finfo_3,"{'nn_module_stack': OrderedDict({'model.decoder': ('model.decoder', <class 'transformers.models.opt.modeling_opt.OPTDecoder'>), 'model.decoder.layers.0': ('model.decoder.layers.0', <class 'transformers.models.opt.modeling_opt.OPTDecoderLayer'>), 'model.decoder.layers.0.self_attn': ('model.decoder.layers.0.self_attn', <class 'transformers.models.opt.modeling_opt.OPTAttention'>)})}",model.decoder.layers.0.self_attn,True,0,['getattr_14'],[getattr_15]
[[1]],[True],True,"(1,)",,getattr_15,"{'nn_module_stack': OrderedDict({'model.decoder': ('model.decoder', <class 'transformers.models.opt.modeling_opt.OPTDecoder'>), 'model.decoder.layers.0': ('model.decoder.layers.0', <class 'transformers.models.opt.modeling_opt.OPTDecoderLayer'>), 'model.decoder.layers.0.self_attn': ('model.decoder.layers.0.self_attn', <class 'transformers.models.opt.modeling_opt.OPTAttention'>)})}",model.decoder.layers.0.self_attn,True,0,['finfo_3'],[tensor]
"[[2, 8, 1024, 1024]]",[True],True,"(1,)",,getattr_16,"{'nn_module_stack': OrderedDict({'model.decoder': ('model.decoder', <class 'transformers.models.opt.modeling_opt.OPTDecoder'>), 'model.decoder.layers.0': ('model.decoder.layers.0', <class 'transformers.models.opt.modeling_opt.OPTDecoderLayer'>), 'model.decoder.layers.0.self_attn': ('model.decoder.layers.0.self_attn', <class 'transformers.models.opt.modeling_opt.OPTAttention'>)})}",model.decoder.layers.0.self_attn,True,0,['add_9'],[tensor]
"[[1], [1]]","[True, True]",True,"(1,)",torch.float32,tensor,"{'nn_module_stack': OrderedDict({'model.decoder': ('model.decoder', <class 'transformers.models.opt.modeling_opt.OPTDecoder'>), 'model.decoder.layers.0': ('model.decoder.layers.0', <class 'transformers.models.opt.modeling_opt.OPTDecoderLayer'>), 'model.decoder.layers.0.self_attn': ('model.decoder.layers.0.self_attn', <class 'transformers.models.opt.modeling_opt.OPTAttention'>)})}",model.decoder.layers.0.self_attn,True,0,"['getattr_15', 'getattr_16']",[max_1]
"[[2, 8, 1024, 1024], [1]]","[True, True]",True,"(2, 8, 1024, 1024)",torch.float32,max_1,"{'nn_module_stack': OrderedDict({'model.decoder': ('model.decoder', <class 'transformers.models.opt.modeling_opt.OPTDecoder'>), 'model.decoder.layers.0': ('model.decoder.layers.0', <class 'transformers.models.opt.modeling_opt.OPTDecoderLayer'>), 'model.decoder.layers.0.self_attn': ('model.decoder.layers.0.self_attn', <class 'transformers.models.opt.modeling_opt.OPTAttention'>)})}",model.decoder.layers.0.self_attn,True,0,"['add_9', 'tensor']",[view_9]
[[1]],[True],True,"(1,)",,mul_7,"{'nn_module_stack': OrderedDict({'model.decoder': ('model.decoder', <class 'transformers.models.opt.modeling_opt.OPTDecoder'>), 'model.decoder.layers.0': ('model.decoder.layers.0', <class 'transformers.models.opt.modeling_opt.OPTDecoderLayer'>), 'model.decoder.layers.0.self_attn': ('model.decoder.layers.0.self_attn', <class 'transformers.models.opt.modeling_opt.OPTAttention'>)})}",model.decoder.layers.0.self_attn,True,0,['getitem_11'],[view_9]
"[[2, 8, 1024, 1024], [1], [1], [1]]","[True, True, True, True]",True,"(16, 1024, 1024)",torch.float32,view_9,"{'nn_module_stack': OrderedDict({'model.decoder': ('model.decoder', <class 'transformers.models.opt.modeling_opt.OPTDecoder'>), 'model.decoder.layers.0': ('model.decoder.layers.0', <class 'transformers.models.opt.modeling_opt.OPTDecoderLayer'>), 'model.decoder.layers.0.self_attn': ('model.decoder.layers.0.self_attn', <class 'transformers.models.opt.modeling_opt.OPTAttention'>)})}",model.decoder.layers.0.self_attn,True,0,"['max_1', 'mul_7', 'getitem_12', 'size_7']","[getattr_17, softmax]"
"[[16, 1024, 1024]]",[True],True,"(1,)",,getattr_17,"{'nn_module_stack': OrderedDict({'model.decoder': ('model.decoder', <class 'transformers.models.opt.modeling_opt.OPTDecoder'>), 'model.decoder.layers.0': ('model.decoder.layers.0', <class 'transformers.models.opt.modeling_opt.OPTDecoderLayer'>), 'model.decoder.layers.0.self_attn': ('model.decoder.layers.0.self_attn', <class 'transformers.models.opt.modeling_opt.OPTAttention'>)})}",model.decoder.layers.0.self_attn,True,0,['view_9'],[eq]
[[1]],[True],True,"(1,)",,eq,"{'nn_module_stack': OrderedDict({'model.decoder': ('model.decoder', <class 'transformers.models.opt.modeling_opt.OPTDecoder'>), 'model.decoder.layers.0': ('model.decoder.layers.0', <class 'transformers.models.opt.modeling_opt.OPTDecoderLayer'>), 'model.decoder.layers.0.self_attn': ('model.decoder.layers.0.self_attn', <class 'transformers.models.opt.modeling_opt.OPTAttention'>)})}",model.decoder.layers.0.self_attn,True,0,['getattr_17'],[]
"[[16, 1024, 1024]]",[True],True,"(16, 1024, 1024)",torch.float32,softmax,"{'nn_module_stack': OrderedDict({'model.decoder': ('model.decoder', <class 'transformers.models.opt.modeling_opt.OPTDecoder'>), 'model.decoder.layers.0': ('model.decoder.layers.0', <class 'transformers.models.opt.modeling_opt.OPTDecoderLayer'>), 'model.decoder.layers.0.self_attn': ('model.decoder.layers.0.self_attn', <class 'transformers.models.opt.modeling_opt.OPTAttention'>)})}",model.decoder.layers.0.self_attn,True,0,['view_9'],[dropout]
"[[16, 1024, 1024]]",[True],True,"(16, 1024, 1024)",torch.float32,dropout,"{'nn_module_stack': OrderedDict({'model.decoder': ('model.decoder', <class 'transformers.models.opt.modeling_opt.OPTDecoder'>), 'model.decoder.layers.0': ('model.decoder.layers.0', <class 'transformers.models.opt.modeling_opt.OPTDecoderLayer'>), 'model.decoder.layers.0.self_attn': ('model.decoder.layers.0.self_attn', <class 'transformers.models.opt.modeling_opt.OPTAttention'>)})}",model.decoder.layers.0.self_attn,True,0,['softmax'],[bmm_1]
"[[16, 1024, 1024], [16, 1024, 64]]","[True, True]",True,"(16, 1024, 64)",torch.float32,bmm_1,"{'nn_module_stack': OrderedDict({'model.decoder': ('model.decoder', <class 'transformers.models.opt.modeling_opt.OPTDecoder'>), 'model.decoder.layers.0': ('model.decoder.layers.0', <class 'transformers.models.opt.modeling_opt.OPTDecoderLayer'>), 'model.decoder.layers.0.self_attn': ('model.decoder.layers.0.self_attn', <class 'transformers.models.opt.modeling_opt.OPTAttention'>)})}",model.decoder.layers.0.self_attn,True,0,"['dropout', 'view_7']","[size_10, view_10]"
"[[16, 1024, 64]]",[True],True,"(1,)",,size_10,"{'nn_module_stack': OrderedDict({'model.decoder': ('model.decoder', <class 'transformers.models.opt.modeling_opt.OPTDecoder'>), 'model.decoder.layers.0': ('model.decoder.layers.0', <class 'transformers.models.opt.modeling_opt.OPTDecoderLayer'>), 'model.decoder.layers.0.self_attn': ('model.decoder.layers.0.self_attn', <class 'transformers.models.opt.modeling_opt.OPTAttention'>)})}",model.decoder.layers.0.self_attn,True,0,['bmm_1'],[ne_2]
[[1]],[True],True,"(1,)",,mul_8,"{'nn_module_stack': OrderedDict({'model.decoder': ('model.decoder', <class 'transformers.models.opt.modeling_opt.OPTDecoder'>), 'model.decoder.layers.0': ('model.decoder.layers.0', <class 'transformers.models.opt.modeling_opt.OPTDecoderLayer'>), 'model.decoder.layers.0.self_attn': ('model.decoder.layers.0.self_attn', <class 'transformers.models.opt.modeling_opt.OPTAttention'>)})}",model.decoder.layers.0.self_attn,True,0,['getitem_11'],[ne_2]
"[[1], [1], [1]]","[True, True, True]",True,"(1,)",,ne_2,"{'nn_module_stack': OrderedDict({'model.decoder': ('model.decoder', <class 'transformers.models.opt.modeling_opt.OPTDecoder'>), 'model.decoder.layers.0': ('model.decoder.layers.0', <class 'transformers.models.opt.modeling_opt.OPTDecoderLayer'>), 'model.decoder.layers.0.self_attn': ('model.decoder.layers.0.self_attn', <class 'transformers.models.opt.modeling_opt.OPTAttention'>)})}",model.decoder.layers.0.self_attn,True,0,"['size_10', 'mul_8', 'getitem_12']",[]
"[[16, 1024, 64], [1], [1]]","[True, True, True]",True,"(2, 8, 1024, 64)",torch.float32,view_10,"{'nn_module_stack': OrderedDict({'model.decoder': ('model.decoder', <class 'transformers.models.opt.modeling_opt.OPTDecoder'>), 'model.decoder.layers.0': ('model.decoder.layers.0', <class 'transformers.models.opt.modeling_opt.OPTDecoderLayer'>), 'model.decoder.layers.0.self_attn': ('model.decoder.layers.0.self_attn', <class 'transformers.models.opt.modeling_opt.OPTAttention'>)})}",model.decoder.layers.0.self_attn,True,0,"['bmm_1', 'getitem_11', 'getitem_12']",[transpose_4]
"[[2, 8, 1024, 64]]",[True],False,"(2, 1024, 8, 64)",torch.float32,transpose_4,"{'nn_module_stack': OrderedDict({'model.decoder': ('model.decoder', <class 'transformers.models.opt.modeling_opt.OPTDecoder'>), 'model.decoder.layers.0': ('model.decoder.layers.0', <class 'transformers.models.opt.modeling_opt.OPTDecoderLayer'>), 'model.decoder.layers.0.self_attn': ('model.decoder.layers.0.self_attn', <class 'transformers.models.opt.modeling_opt.OPTAttention'>)})}",model.decoder.layers.0.self_attn,True,0,['view_10'],[reshape]
"[[2, 1024, 8, 64], [1], [1]]","[False, True, True]",True,"(2, 1024, 512)",torch.float32,reshape,"{'nn_module_stack': OrderedDict({'model.decoder': ('model.decoder', <class 'transformers.models.opt.modeling_opt.OPTDecoder'>), 'model.decoder.layers.0': ('model.decoder.layers.0', <class 'transformers.models.opt.modeling_opt.OPTDecoderLayer'>), 'model.decoder.layers.0.self_attn': ('model.decoder.layers.0.self_attn', <class 'transformers.models.opt.modeling_opt.OPTAttention'>)})}",model.decoder.layers.0.self_attn,True,0,"['transpose_4', 'getitem_11', 'getitem_12']",[model_decoder_layers_0_self_attn_out_proj]
"[[2, 1024, 512]]",[True],True,"(2, 1024, 512)",torch.float32,model_decoder_layers_0_self_attn_out_proj,"{'nn_module_stack': OrderedDict({'model.decoder': ('model.decoder', <class 'transformers.models.opt.modeling_opt.OPTDecoder'>), 'model.decoder.layers.0': ('model.decoder.layers.0', <class 'transformers.models.opt.modeling_opt.OPTDecoderLayer'>), 'model.decoder.layers.0.self_attn': ('model.decoder.layers.0.self_attn', <class 'transformers.models.opt.modeling_opt.OPTAttention'>), 'model.decoder.layers.0.self_attn.out_proj': ('model.decoder.layers.0.self_attn.out_proj', <class 'torch.nn.modules.linear.Linear'>)})}",model.decoder.layers.0.self_attn.out_proj,False,0,['reshape'],[dropout_1]
"[[2, 1024, 512]]",[True],True,"(2, 1024, 512)",torch.float32,dropout_1,"{'nn_module_stack': OrderedDict({'model.decoder': ('model.decoder', <class 'transformers.models.opt.modeling_opt.OPTDecoder'>), 'model.decoder.layers.0': ('model.decoder.layers.0', <class 'transformers.models.opt.modeling_opt.OPTDecoderLayer'>)})}",model.decoder.layers.0,True,0,['model_decoder_layers_0_self_attn_out_proj'],[add_10]
"[[2, 1024, 512], [2, 1024, 512]]","[True, True]",True,"(2, 1024, 512)",torch.float32,add_10,"{'nn_module_stack': OrderedDict({'model.decoder': ('model.decoder', <class 'transformers.models.opt.modeling_opt.OPTDecoder'>), 'model.decoder.layers.0': ('model.decoder.layers.0', <class 'transformers.models.opt.modeling_opt.OPTDecoderLayer'>)})}",model.decoder.layers.0,True,0,"['add_5', 'dropout_1']","[size_11, size_12, reshape_1]"
"[[2, 1024, 512]]",[True],True,"(1,)",,size_11,"{'nn_module_stack': OrderedDict({'model.decoder': ('model.decoder', <class 'transformers.models.opt.modeling_opt.OPTDecoder'>), 'model.decoder.layers.0': ('model.decoder.layers.0', <class 'transformers.models.opt.modeling_opt.OPTDecoderLayer'>)})}",model.decoder.layers.0,True,0,['add_10'],[view_11]
"[[2, 1024, 512]]",[True],True,"(1,)",,size_12,"{'nn_module_stack': OrderedDict({'model.decoder': ('model.decoder', <class 'transformers.models.opt.modeling_opt.OPTDecoder'>), 'model.decoder.layers.0': ('model.decoder.layers.0', <class 'transformers.models.opt.modeling_opt.OPTDecoderLayer'>)})}",model.decoder.layers.0,True,0,['add_10'],[reshape_1]
"[[2, 1024, 512], [1]]","[True, True]",True,"(2048, 512)",torch.float32,reshape_1,"{'nn_module_stack': OrderedDict({'model.decoder': ('model.decoder', <class 'transformers.models.opt.modeling_opt.OPTDecoder'>), 'model.decoder.layers.0': ('model.decoder.layers.0', <class 'transformers.models.opt.modeling_opt.OPTDecoderLayer'>)})}",model.decoder.layers.0,True,0,"['add_10', 'size_12']","[model_decoder_layers_0_final_layer_norm, add_11]"
"[[2048, 512]]",[True],True,"(2048, 512)",torch.float32,model_decoder_layers_0_final_layer_norm,"{'nn_module_stack': OrderedDict({'model.decoder': ('model.decoder', <class 'transformers.models.opt.modeling_opt.OPTDecoder'>), 'model.decoder.layers.0': ('model.decoder.layers.0', <class 'transformers.models.opt.modeling_opt.OPTDecoderLayer'>), 'model.decoder.layers.0.final_layer_norm': ('model.decoder.layers.0.final_layer_norm', <class 'torch.nn.modules.normalization.LayerNorm'>)})}",model.decoder.layers.0.final_layer_norm,False,0,['reshape_1'],[model_decoder_layers_0_fc1]
"[[2048, 512]]",[True],True,"(2048, 2048)",torch.float32,model_decoder_layers_0_fc1,"{'nn_module_stack': OrderedDict({'model.decoder': ('model.decoder', <class 'transformers.models.opt.modeling_opt.OPTDecoder'>), 'model.decoder.layers.0': ('model.decoder.layers.0', <class 'transformers.models.opt.modeling_opt.OPTDecoderLayer'>), 'model.decoder.layers.0.fc1': ('model.decoder.layers.0.fc1', <class 'torch.nn.modules.linear.Linear'>)})}",model.decoder.layers.0.fc1,False,0,['model_decoder_layers_0_final_layer_norm'],[model_decoder_layers_0_activation_fn]
"[[2048, 2048]]",[True],True,"(2048, 2048)",torch.float32,model_decoder_layers_0_activation_fn,"{'nn_module_stack': OrderedDict({'model.decoder': ('model.decoder', <class 'transformers.models.opt.modeling_opt.OPTDecoder'>), 'model.decoder.layers.0': ('model.decoder.layers.0', <class 'transformers.models.opt.modeling_opt.OPTDecoderLayer'>), 'model.decoder.layers.0.activation_fn': ('model.decoder.layers.0.activation_fn', <class 'torch.nn.modules.activation.ReLU'>)})}",model.decoder.layers.0.activation_fn,True,0,['model_decoder_layers_0_fc1'],[model_decoder_layers_0_fc2]
"[[2048, 2048]]",[True],True,"(2048, 512)",torch.float32,model_decoder_layers_0_fc2,"{'nn_module_stack': OrderedDict({'model.decoder': ('model.decoder', <class 'transformers.models.opt.modeling_opt.OPTDecoder'>), 'model.decoder.layers.0': ('model.decoder.layers.0', <class 'transformers.models.opt.modeling_opt.OPTDecoderLayer'>), 'model.decoder.layers.0.fc2': ('model.decoder.layers.0.fc2', <class 'torch.nn.modules.linear.Linear'>)})}",model.decoder.layers.0.fc2,False,0,['model_decoder_layers_0_activation_fn'],[dropout_2]
"[[2048, 512]]",[True],True,"(2048, 512)",torch.float32,dropout_2,"{'nn_module_stack': OrderedDict({'model.decoder': ('model.decoder', <class 'transformers.models.opt.modeling_opt.OPTDecoder'>), 'model.decoder.layers.0': ('model.decoder.layers.0', <class 'transformers.models.opt.modeling_opt.OPTDecoderLayer'>)})}",model.decoder.layers.0,True,0,['model_decoder_layers_0_fc2'],[add_11]
"[[2048, 512], [2048, 512]]","[True, True]",True,"(2048, 512)",torch.float32,add_11,"{'nn_module_stack': OrderedDict({'model.decoder': ('model.decoder', <class 'transformers.models.opt.modeling_opt.OPTDecoder'>), 'model.decoder.layers.0': ('model.decoder.layers.0', <class 'transformers.models.opt.modeling_opt.OPTDecoderLayer'>)})}",model.decoder.layers.0,True,0,"['reshape_1', 'dropout_2']",[view_11]
"[[2048, 512], [1]]","[True, True]",True,"(2, 1024, 512)",torch.float32,view_11,"{'nn_module_stack': OrderedDict({'model.decoder': ('model.decoder', <class 'transformers.models.opt.modeling_opt.OPTDecoder'>), 'model.decoder.layers.0': ('model.decoder.layers.0', <class 'transformers.models.opt.modeling_opt.OPTDecoderLayer'>)})}",model.decoder.layers.0,True,0,"['add_11', 'size_11']",[model_decoder_final_layer_norm]
"[[2, 1024, 512]]",[True],True,"(2, 1024, 512)",torch.float32,model_decoder_final_layer_norm,"{'nn_module_stack': OrderedDict({'model.decoder': ('model.decoder', <class 'transformers.models.opt.modeling_opt.OPTDecoder'>), 'model.decoder.final_layer_norm': ('model.decoder.final_layer_norm', <class 'torch.nn.modules.normalization.LayerNorm'>)})}",model.decoder.final_layer_norm,False,0,['view_11'],[model_decoder_project_out]
"[[2, 1024, 512]]",[True],True,"(2, 1024, 2048)",torch.float32,model_decoder_project_out,"{'nn_module_stack': OrderedDict({'model.decoder': ('model.decoder', <class 'transformers.models.opt.modeling_opt.OPTDecoder'>), 'model.decoder.project_out': ('model.decoder.project_out', <class 'torch.nn.modules.linear.Linear'>)})}",model.decoder.project_out,False,0,['model_decoder_final_layer_norm'],[lm_head]
"[[2, 1024, 2048]]",[True],True,"(2, 1024, 50272)",torch.float32,lm_head,"{'nn_module_stack': OrderedDict({'lm_head': ('lm_head', <class 'torch.nn.modules.linear.Linear'>)})}",lm_head,False,0,['model_decoder_project_out'],[contiguous_3]
"[[2, 1024, 50272]]",[True],True,"(2, 1024, 50272)",torch.float32,contiguous_3,{},,True,0,['lm_head'],[output]
"[[2, 1024, 50272], [2, 8, 1024, 64], [2, 8, 1024, 64]]","[True, True, True]",True,"(2, 1024, 50272)",torch.float32,output,{},,True,0,"['contiguous_3', 'contiguous', 'contiguous_1']",[]
